Aaron,102
Ab,5
Abbott,5
Abe,50
Abel,9
Abner,27
Abraham,81
Abram,21
Adam,104
Addie,8
Addison,19
Adelbert,28
Aden,7
Adolf,6
Adolph,93
Adolphus,17
Adrian,18
Agustus,5
Al,12
Albert,1493
Albertus,5
Albin,6
Albion,6
Alcide,7
Alden,9
Alec,11
Alex,147
Alexander,211
Alf,7
Alford,14
Alfred,469
Algie,7
Allan,20
Allen,184
Allie,31
Allison,6
Alma,14
Almer,5
Almon,10
Alois,10
Alonza,10
Alonzo,122
Aloysius,12
Alpha,6
Alpheus,6
Alphonse,20
Alphonso,5
Alton,14
Alva,70
Alvah,18
Alvia,5
Alvie,12
Alvin,102
Ambrose,32
Amos,128
Anastacio,6
Anderson,43
Andre,6
Andres,14
Andrew,644
Andy,58
Angus,17
Anna,12
Annie,6
Anson,10
Anthony,130
Anton,77
Antonio,26
Arch,61
Archer,9
Archibald,27
Archie,183
Arlie,7
Arlington,6
Armand,6
Arnold,37
Aron,8
Art,12
Arther,17
Arthur,1599
Artie,5
Arvid,5
Asa,60
Asberry,6
Asbury,6
Ashby,5
Asher,6
Ashley,8
Aubrey,21
August,210
Augusta,5
Augustin,6
Augustine,12
Augustus,74
Aurthur,5
Austin,53
Auther,6
Author,6
Authur,10
Avery,9
Axel,16
Babe,5
Bailey,12
Baldwin,5
Ballard,6
Barnett,5
Barney,44
Bart,7
Bartholomew,5
Barton,5
Basil,11
Baxter,11
Bedford,7
Ben,305
Benito,7
Benjaman,12
Benjamin,490
Benjamine,13
Benjiman,28
Bennett,15
Bennie,26
Benton,10
Bernard,140
Bernhard,8
Bernie,5
Berry,30
Bert,348
Bertie,8
Berton,8
Bertram,18
Bertrand,11
Beverly,12
Bill,53
Billie,10
Billy,7
Bird,7
Birt,7
Bishop,12
Blaine,5
Blas,6
Bob,46
Boston,5
Boyd,16
Brad,5
Bradford,5
Bradley,5
Brooks,5
Bruce,47
Bruno,7
Bryant,16
Buck,5
Bud,37
Budd,5
Buford,11
Burl,14
Burley,7
Burr,11
Burt,42
Burton,34
Buster,8
Butler,8
Byron,52
Caesar,6
Cal,19
Caleb,27
Calvin,134
Candido,6
Carey,13
Carl,372
Carleton,8
Carlos,17
Carlton,13
Carrie,8
Carroll,26
Carson,9
Cary,17
Casper,15
Cassius,17
Cato,6
Cecil,45
Ceylon,5
Chalmers,5
Chancy,7
Charles,5348
Charley,305
Charlie,730
Chas,53
Chauncey,32
Chesley,5
Chester,168
Chin,5
Chris,49
Christ,15
Christian,43
Christopher,95
Cicero,14
Clair,12
Clara,8
Clarance,8
Clare,8
Clarence,730
Clark,49
Clarke,6
Claud,90
Claude,309
Claus,7
Clay,18
Clayton,60
Clem,22
Clement,16
Clemente,6
Cleo,5
Cleveland,11
Cliff,7
Clifford,127
Clifton,38
Clint,27
Clinton,79
Clovis,7
Cloyd,12
Clyde,221
Coleman,12
Colin,6
Colonel,11
Columbus,64
Commodore,6
Connie,7
Conrad,41
Cora,6
Cornelious,10
Cornelius,92
Coy,6
Crawford,8
Creed,7
Crockett,5
Cruz,6
Cullen,9
Curt,6
Curtis,68
Cyril,5
Cyrus,54
Daisy,5
Dallas,20
Damon,6
Dan,140
Dana,12
Danial,8
Daniel,643
Darius,10
Dave,131
David,869
Davie,6
Davis,17
Dayton,8
Dean,14
Dee,20
Delbert,44
Dell,15
Delmar,6
Delos,7
Dempsey,11
Denis,10
Dennis,128
Denver,5
Dewitt,30
Dexter,6
Dick,25
Dillard,10
Doc,9
Dock,46
Doctor,10
Dolphus,8
Don,34
Donald,46
Dora,6
Dorsey,14
Doss,6
Douglas,29
Dow,5
Drew,6
Dudley,27
Duff,5
Duke,7
Duncan,12
Dwight,12
Earl,335
Earle,25
Early,11
Earnest,88
Eben,9
Eber,7
Ed,310
Edd,52
Eddie,129
Edgar,283
Edie,5
Edith,5
Edmond,44
Edmund,67
Edson,6
Edward,2364
Edwin,309
Egbert,15
Elam,6
Elbert,79
Elder,8
Eldridge,13
Eli,73
Elias,65
Elick,5
Elie,5
Eliga,5
Eligah,7
Elige,9
Elihu,6
Elijah,100
Eliseo,5
Elisha,32
Eliza,6
Elizabeth,9
Elliot,7
Elliott,21
Ellis,58
Ellsworth,11
Elmer,373
Elmo,15
Elmore,9
Elroy,5
Elsie,6
Elton,7
Elvin,10
Elwood,23
Ely,5
Elza,25
Elzie,13
Emanuel,57
Emerson,25
Emery,52
Emil,119
Emile,12
Emma,10
Emmet,34
Emmett,74
Emmitt,7
Emory,40
Ennis,5
Enoch,60
Enos,14
Enrique,5
Ephraim,18
Ephriam,8
Erasmus,5
Erastus,19
Eric,10
Erie,6
Ernest,615
Ernie,6
Ernst,9
Ervin,30
Erwin,16
Esau,5
Ethel,6
Eugene,328
Evan,22
Evans,10
Everett,110
Everette,5
Evert,12
Ezekiel,16
Ezra,39
Fate,11
Fay,15
Fayette,8
Felipe,8
Felix,92
Ferd,6
Ferdinand,32
Fernando,8
Finis,9
Finley,11
Firman,5
Flem,8
Fleming,5
Fletcher,25
Flora,5
Florence,8
Floyd,206
Ford,8
Forest,30
Forrest,36
Foster,16
Frances,16
Francis,344
Francisco,19
Frank,3242
Franklin,120
Fred,1569
Freddie,9
Frederic,22
Frederick,483
Fredrick,103
Freeman,26
Friend,6
Fritz,18
Gabe,11
Gabriel,15
Gardner,5
Garfield,122
Garland,11
Garrett,13
Garry,6
Gary,6
Gee,5
Gene,7
General,32
Geo,16
George,5126
Gerald,11
Gideon,10
Gilbert,101
Giles,18
Glen,24
Glenn,43
Godfrey,9
Golden,7
Gordon,51
Gorge,5
Gottlieb,5
Grace,6
Grant,52
Granville,27
Green,39
Gregorio,5
Gregory,5
Grover,18
Gus,99
Guss,9
Gust,23
Gustaf,6
Gustav,33
Gustave,49
Gustavus,5
Guy,239
Hal,7
Hallie,6
Halsey,5
Hamilton,17
Hamp,9
Hampton,6
Handy,5
Hans,21
Hardie,5
Hardin,7
Hardy,19
Harl,5
Harlan,8
Harley,70
Harman,7
Harmon,23
Harold,113
Harrie,6
Harris,18
Harrison,65
Harry,2152
Harve,17
Harvey,344
Hattie,6
Hayden,5
Hayes,8
Hays,5
Haywood,10
Hector,15
Hence,6
Henderson,12
Henery,8
Henry,2444
Herbert,424
Herman,347
Hermann,9
Hermon,5
Herschel,11
Hershel,5
Hervey,7
Hezekiah,11
Hillard,6
Hilliard,10
Hiram,88
Hollie,6
Hollis,7
Holly,5
Holmes,6
Homer,205
Hope,6
Horace,199
Horatio,15
Hosea,10
Hosteen,5
Houston,16
Howard,357
Howell,14
Hoy,8
Hoyt,5
Hubert,59
Hudson,5
Huey,5
Hugh,224
Hugo,24
Humphrey,5
Hunt,5
Hunter,12
Huston,8
Hyman,6
Hyrum,5
Ida,8
Ike,42
Ira,249
Irven,5
Irvin,86
Irving,60
Irwin,22
Isaac,274
Isadore,9
Isaiah,40
Isam,5
Isham,13
Ishmael,6
Isiah,20
Isom,18
Israel,17
Isreal,9
Issac,16
Ivan,28
Ivey,7
Ivory,8
Ivy,5
Jabez,5
Jack,204
Jackson,46
Jacob,404
Jake,96
James,5927
Jarrett,6
Jason,20
Jasper,98
Jay,103
Jean,12
Jeff,66
Jefferson,43
Jennie,7
Jeremiah,37
Jerome,52
Jerry,136
Jess,103
Jesse,569
Jessee,6
Jessie,154
Jesus,18
Jewel,5
Jim,345
Jimmie,24
Jodie,5
Joe,731
Joel,41
Joeseph,6
John,9655
Johnie,18
Johnnie,24
Johnny,20
Johnson,13
Jonah,8
Jonas,28
Jonathan,18
Jones,9
Jordan,23
Jose,84
Joseph,2632
Josh,31
Joshua,57
Josiah,26
Juan,39
Judd,5
Judge,25
Judson,31
Jules,16
Julian,32
Julious,5
Julius,143
June,9
Junious,6
Junius,22
Justice,5
Justin,8
Justus,11
Karl,21
Katherine,5
Kelly,5
Kenneth,32
King,27
Kirk,6
Kit,5
Knute,5
Lacy,9
Lafayette,22
Lafe,9
Larkin,16
Larry,13
Laurence,25
Lavern,5
Lawrence,257
Lawson,20
Lawyer,5
Layton,5
Leander,17
Lee,361
Leland,9
Lem,12
Lemuel,59
Len,7
Lenard,8
Leo,147
Leon,118
Leonard,200
Leonidas,5
Leopold,8
Leroy,124
Leslie,79
Lester,109
Levi,112
Levy,6
Lew,20
Lewie,5
Lewis,517
Lige,15
Lillie,5
Lincoln,10
Lindsay,7
Lindsey,11
Linwood,5
Lionel,8
Llewellyn,9
Lloyd,104
Logan,13
Lon,64
Lonie,7
Lonnie,53
Lonzo,10
Loran,5
Loren,22
Lorenzo,48
Lorin,5
Lou,14
Louie,33
Louis,828
Loyd,14
Lucian,18
Lucien,19
Lucious,10
Lucius,38
Ludwig,9
Luis,12
Luke,43
Lum,10
Luther,260
Lyle,7
Lyman,31
Lynn,30
Mac,7
Mace,5
Mack,104
Madison,22
Mahlon,14
Major,28
Mal,7
Malachi,10
Malcolm,18
Malcom,5
Manford,9
Manley,8
Manly,5
Manson,5
Manuel,75
Marcellus,11
Marcus,47
Marion,189
Mark,85
Marquis,8
Marshal,8
Marshall,78
Mart,8
Martin,357
Marvin,69
Mary,27
Mason,22
Mat,16
Math,7
Mathew,60
Mathias,12
Matt,41
Matthew,113
Matthias,5
Mattie,5
Maurice,93
Max,52
Maxwell,9
Maynard,12
Melville,17
Melvin,103
Merida,5
Merle,17
Merrill,13
Merritt,18
Merton,27
Mervin,6
Michael,354
Micheal,20
Michel,6
Miguel,12
Mike,95
Miles,54
Milford,6
Millard,56
Miller,7
Milo,26
Milton,149
Miner,5
Minnie,9
Minor,21
Mitchel,6
Mitchell,32
Monroe,53
Mont,13
Montgomery,5
Morgan,33
Moroni,5
Morris,77
Mortimer,12
Morton,16
Mose,52
Moses,111
Murdock,5
Murray,17
Myron,42
Myrtle,5
Napoleon,31
Nat,14
Nate,5
Nathan,114
Nathanial,5
Nathaniel,60
Neal,43
Ned,33
Neil,24
Nellie,6
Nels,12
Nelson,99
Newt,10
Newton,70
Nicholas,73
Nick,40
Nimrod,5
Noah,103
Noble,6
Noel,10
Nora,5
Norman,102
Norris,12
Norval,5
Nova,5
Obed,6
Obie,9
Octave,9
Oda,6
Odie,8
Olaf,11
Ole,29
Olen,8
Olin,11
Oliver,234
Ollie,63
Omar,14
Omer,29
Ora,64
Oral,8
Oran,14
Oren,13
Orie,10
Orin,20
Orion,5
Orla,5
Orlando,16
Orley,8
Orren,6
Orrie,5
Orrin,9
Orson,7
Orval,22
Orville,49
Osborne,7
Oscar,544
Ossie,9
Oswald,9
Otha,8
Otho,18
Otis,88
Ottis,6
Otto,271
Owen,78
Pablo,11
Palmer,10
Park,9
Parker,14
Parley,9
Pat,12
Patrick,248
Paul,301
Payton,5
Pearl,62
Pedro,31
Percival,7
Percy,94
Perley,18
Perry,134
Pete,50
Peter,496
Phil,12
Philip,186
Phillip,75
Philo,5
Phineas,5
Pierce,16
Pierre,13
Pink,30
Pinkney,10
Pleas,7
Pleasant,17
Ples,7
Porter,38
Presley,5
Press,8
Preston,47
Price,8
Prince,16
Quincy,8
Rafael,7
Rafe,6
Raleigh,14
Ralph,317
Ramon,9
Randall,8
Randolph,19
Ransom,5
Raoul,7
Ray,142
Raymond,165
Redden,6
Reece,5
Reese,6
Reginald,14
Rene,5
Reuben,92
Rex,13
Rice,9
Rich,8
Richard,728
Richmond,8
Riley,41
Robert,2415
Roderick,7
Rodney,13
Roger,25
Roland,36
Rolla,18
Rolland,11
Rollie,16
Rollin,16
Romeo,8
Roscoe,90
Rose,7
Ross,69
Roswell,5
Rowland,5
Roy,440
Royal,26
Rube,6
Ruben,30
Rubin,14
Ruby,6
Rudolph,54
Rufus,163
Rupert,6
Rush,12
Russel,8
Russell,62
Rutherford,8
Salomon,6
Sam,457
Sammie,6
Sampson,5
Samual,5
Samuel,1024
Sanders,6
Sandy,18
Sanford,30
Santiago,12
Santos,5
Saul,15
Schuyler,5
Scott,60
Seth,25
Seymour,14
Shade,8
Shelby,8
Shelton,7
Sheppard,5
Sherman,54
Shirley,10
Sid,7
Sidney,142
Silas,98
Sim,16
Simeon,23
Simon,88
Smith,15
Sol,12
Soloman,6
Solomon,62
Solon,8
Spencer,35
Spurgeon,5
Squire,15
Stacy,6
Stanford,6
Stanley,65
Stanton,6
Starling,5
Stephen,176
Sterling,17
Steve,52
Steven,17
Stewart,19
Stonewall,9
Stuart,16
Sumner,10
Sydney,12
Sylvanus,5
Sylvester,89
Taylor,37
Ted,13
Terry,10
Thad,6
Thaddeus,12
Theadore,5
Theo,9
Theodore,232
Theophile,5
Theron,7
Thomas,2534
Thornton,12
Thurman,8
Tilden,8
Tillman,9
Tilmon,5
Tim,12
Timothy,70
Titus,6
Tobe,15
Tobias,7
Tom,399
Tomas,18
Tommie,15
Tommy,5
Toney,7
Tony,42
Tracy,6
Travis,12
Troy,8
Truman,12
Turner,11
Tyler,7
Ulysses,29
Unknown,5
Urban,10
Uriah,10
Valentine,10
Van,33
Vance,7
Vann,5
Vern,19
Verne,11
Vernie,6
Vernon,56
Victor,100
Vincent,41
Virgil,81
Vivian,7
Volney,11
Wade,56
Waldo,10
Walker,29
Wallace,91
Walter,1755
Walton,7
Ward,30
Warner,10
Warren,158
Wash,21
Washington,24
Watson,12
Watt,7
Wayne,23
Weaver,7
Webb,12
Webster,13
Wellington,12
Wendell,6
Wes,5
Wesley,123
West,13
Wheeler,13
Wilber,23
Wilbert,29
Wilbur,82
Wilburn,16
Wiley,78
Wilford,18
Wilfred,21
Wilhelm,6
Will,588
Willam,13
Willard,88
William,9532
Williams,11
Willian,6
Willie,476
Willis,166
Wilmer,19
Wilson,72
Wilton,7
Winfield,108
Winfred,12
Winston,5
Wm,14
Wong,10
Wood,5
Woodie,5
Woodson,8
Worth,8
Worthy,5
Wright,5
Wyatt,15
Wylie,12
Yee,6
York,5
Young,14
Zachariah,5
Zack,19
Zeb,10
Zeke,6
