Aaron,20
Abbe,46
Abbey,20
Abbie,94
Abby,241
Abigail,228
Ada,351
Adair,10
Adalia,6
Adaline,10
Adana,8
Addie,125
Adeana,5
Adel,13
Adela,111
Adelaida,25
Adelaide,36
Adele,272
Adelfa,5
Adelia,19
Adelina,44
Adeline,73
Adelita,30
Adell,26
Adella,36
Adelle,28
Adena,10
Adina,36
Adonica,12
Adonna,12
Adora,8
Adra,6
Adrain,7
Adraine,8
Adrea,6
Adrena,6
Adria,28
Adrian,107
Adriana,138
Adriane,72
Adriann,6
Adrianna,23
Adrianne,121
Adrien,7
Adriene,78
Adrienna,5
Adrienne,645
Adrina,11
Afton,6
Agatha,36
Aggie,7
Agnes,428
Agustina,7
Aida,164
Aide,9
Aileen,229
Ailene,25
Aili,6
Aimee,162
Aixa,7
Alaina,13
Alaine,24
Alan,21
Alana,127
Alanda,15
Alane,64
Alanna,44
Alayne,18
Alba,29
Albert,25
Alberta,373
Albertha,31
Albertina,10
Albertine,10
Albina,11
Alda,26
Aldine,6
Aldona,5
Aldora,9
Alean,7
Aleasa,5
Alease,9
Aleatha,14
Aleathea,5
Alecia,110
Aleda,12
Aleen,13
Aleida,32
Aleisa,15
Alejandra,30
Alejandrina,11
Alena,28
Alene,55
Alesa,37
Alesha,10
Aleshia,21
Alesia,352
Alessandra,16
Aleta,141
Aletha,78
Alethea,84
Alethia,20
Aletia,10
Aletta,7
Alex,17
Alexa,34
Alexander,13
Alexandra,203
Alexandria,49
Alexia,32
Alexis,168
Aleyda,6
Alfred,18
Alfreda,276
Alfredia,38
Alfredo,8
Alfreida,8
Alfrieda,12
Ali,6
Alia,5
Alica,20
Alice,4049
Alicemarie,6
Alicia,1640
Alicyn,7
Alida,44
Aliene,5
Alina,20
Alinda,12
Aline,100
Alisa,586
Alise,27
Alisha,60
Alishia,9
Alisia,26
Alison,1267
Alissa,44
Alita,23
Alix,19
Aliza,13
Allan,6
Allana,6
Alleen,6
Allegra,14
Allen,20
Allena,12
Allene,26
Allicia,5
Allie,30
Alline,11
Allisa,10
Allison,1068
Allyn,27
Allynn,5
Allyson,258
Alma,789
Almeda,20
Almedia,7
Almeta,17
Almira,7
Aloma,7
Alona,12
Alonda,13
Alondra,8
Alonzo,5
Alora,11
Alpha,17
Alphonso,6
Alta,88
Altagracia,5
Altha,12
Althea,216
Altheia,6
Alton,9
Alva,59
Alveda,6
Alvena,8
Alvenia,6
Alvera,10
Alverna,5
Alverta,6
Alvetta,7
Alvia,6
Alvin,10
Alvina,47
Alvita,8
Alyce,121
Alycia,27
Alys,6
Alysa,10
Alyse,21
Alysia,12
Alyson,102
Alyssa,111
Amada,15
Amalia,61
Amalie,5
Amanda,977
Amaryllis,5
Amber,282
Amberly,6
Amelda,9
Amelia,543
Amelie,9
Amenda,5
America,23
Amey,6
Ami,31
Amie,54
Aminta,5
Amity,5
Ammie,6
Amparo,29
Amy,5974
An,6
Ana,620
Anabel,26
Anabella,5
Anabelle,5
Analisa,8
Anamaria,22
Anastacia,12
Anastasia,115
Anda,7
Andera,7
Andi,13
Andie,6
Andra,161
Andre,32
Andrea,4214
Andree,52
Andreia,7
Andrena,12
Andrene,5
Andretta,7
Andrew,24
Andria,68
Andrina,6
Andy,24
Ane,11
Aneta,9
Anetta,7
Anette,56
Angel,267
Angela,8681
Angele,19
Angelea,6
Angelena,18
Angelene,14
Angeles,9
Angelette,11
Angeli,9
Angelia,473
Angelica,127
Angelika,15
Angelin,6
Angelina,237
Angeline,103
Angelique,56
Angelita,149
Angell,6
Angella,24
Angelle,9
Angelo,16
Angelus,5
Angelyn,28
Angenette,6
Angi,11
Angie,989
Angila,7
Angla,10
Angle,6
Anglea,17
Angles,5
Anglia,14
Anice,8
Anina,8
Anise,12
Anita,5636
Anitha,6
Anitia,6
Anitra,30
Anitta,6
Anmarie,6
Ann,8676
Anna,4659
Annabel,32
Annabell,27
Annabella,6
Annabelle,64
Annalee,15
Annalisa,27
Annamae,9
Annamaria,64
Annamarie,166
Annamary,5
Annamay,7
Anne,5635
Anneliese,16
Annelisa,6
Annell,6
Annelle,15
Annelouise,5
Annemarie,223
Annet,7
Annett,40
Annetta,164
Annette,7134
Annettie,5
Anni,7
Annice,23
Annie,1478
Annis,11
Annise,8
Annita,29
Annitta,10
Annmarie,352
Anntoinette,10
Anselma,6
Ansley,5
Antha,5
Anthea,14
Anthonette,7
Anthony,97
Antia,5
Antionetta,7
Antionette,232
Antoinett,8
Antoinette,932
Antonetta,15
Antonette,75
Antonia,257
Antonietta,12
Antoniette,11
Antonina,22
Antonio,14
Anya,9
April,1934
Aprile,13
Aprill,6
Aprille,5
Apryl,24
Aquanetta,7
Aquila,7
Aquilla,9
Ara,9
Arabella,6
Araceli,58
Aracelia,13
Aracelis,31
Aracely,10
Arcelia,22
Archie,8
Ardel,5
Ardelia,15
Ardell,20
Ardella,19
Ardelle,7
Arden,25
Ardie,5
Ardis,26
Ardith,29
Ardyce,7
Ardys,5
Ardyth,5
Areatha,5
Arelene,5
Aretha,59
Arethea,5
Aretta,9
Argelia,12
Argentina,7
Argie,6
Ariadne,8
Ariana,5
Ariane,12
Arianne,5
Arie,11
Ariel,12
Arista,5
Arita,6
Arizona,7
Arla,35
Arlana,9
Arlean,30
Arleatha,7
Arlecia,6
Arleen,253
Arlena,19
Arlene,1624
Arleta,12
Arletha,29
Arlethea,5
Arletta,21
Arlette,38
Arlinda,23
Arline,59
Arlis,5
Arlisa,8
Arliss,5
Arlita,9
Arlyn,9
Arlyne,9
Arlynn,7
Arlys,7
Arma,6
Armanda,9
Armandina,15
Armando,8
Armentha,7
Armetta,7
Armida,43
Arminda,13
Arna,7
Arnell,13
Arnella,5
Arnetha,7
Arnetta,75
Arnette,32
Arnita,50
Arnold,9
Arrie,11
Arta,5
Artelia,9
Artemis,5
Arthur,30
Arthurine,8
Artie,20
Artina,5
Artis,10
Arva,7
Arvella,14
Arvilla,8
Arvis,5
Ashley,55
Assunta,9
Astrid,23
Atha,9
Athalia,8
Athena,151
Aubrey,13
Audelia,6
Audery,12
Audie,7
Audra,22
Audre,8
Audrea,13
Audree,7
Audrey,2279
Audrie,7
Audrone,5
Audry,24
August,8
Augusta,35
Augustina,17
Augustine,24
Aundra,11
Aundrea,16
Aundria,8
Aura,13
Aurea,11
Aurelia,69
Auria,6
Aurora,176
Autherine,7
Autumn,59
Ava,327
Ave,14
Avelina,7
Averil,6
Avery,23
Avia,7
Avie,5
Avis,217
Aviva,12
Avon,17
Avonda,5
Avril,9
Awanda,6
Awilda,68
Azalea,8
Azalia,7
Azucena,10
Babara,14
Babbette,9
Babbi,6
Babbie,20
Babby,15
Babette,132
Babs,10
Baila,6
Balinda,24
Bambi,251
Bambie,15
Barabara,12
Barabra,6
Barb,493
Barba,9
Barbar,14
Barbara,24449
Barbaraann,20
Barbarajean,6
Barbarann,12
Barbe,5
Barbee,8
Barbera,6
Barbette,13
Barbi,20
Barbie,82
Barbra,138
Bari,78
Barney,5
Barri,35
Barrie,109
Barry,26
Bathsheba,6
Bea,32
Beata,7
Beate,5
Beatrice,910
Beatrix,6
Beatriz,95
Beaulah,7
Bebe,17
Becca,12
Becci,12
Beckey,19
Becki,104
Beckie,121
Becky,4324
Beebe,5
Bekki,7
Belen,41
Belenda,10
Belia,43
Belinda,2814
Belisa,5
Belita,10
Bell,6
Bella,30
Belle,35
Belma,8
Belva,51
Belynda,30
Ben,6
Bena,8
Benay,9
Benedetta,6
Benetta,16
Benette,6
Benita,475
Benjamin,10
Benjie,6
Bennie,55
Bennita,8
Benny,11
Berdie,8
Berdina,5
Berenice,5
Beretta,5
Beri,5
Berit,8
Berlinda,41
Berna,17
Bernadean,5
Bernadett,12
Bernadette,1424
Bernadine,262
Bernard,11
Bernarda,5
Bernardette,10
Bernardine,36
Bernedette,7
Berneice,9
Bernell,9
Bernestine,11
Berneta,6
Bernetha,9
Bernett,8
Bernetta,40
Bernette,18
Berni,6
Bernice,872
Bernie,35
Berniece,20
Bernita,80
Berry,5
Bert,5
Berta,63
Bertha,851
Bertie,16
Bertina,20
Beryl,63
Bess,26
Bessie,385
Besty,6
Beth,6259
Bethanie,6
Bethann,64
Bethanne,28
Bethany,216
Bethel,23
Bethene,5
Bethy,5
Betina,25
Betsaida,6
Betsey,37
Betsi,7
Betsie,5
Betsy,1252
Betsye,5
Bette,145
Bettey,5
Betti,11
Bettie,174
Bettina,174
Betty,6502
Bettyann,25
Bettye,101
Bettyjean,10
Bettyjo,10
Bettylou,8
Betzaida,5
Beulah,80
Bev,117
Bevely,7
Bevelyn,9
Beverely,7
Beverlee,35
Beverley,171
Beverlie,5
Beverly,7391
Beverlyann,6
Beverlyn,29
Bevery,6
Bianca,48
Bibiana,8
Bilinda,6
Billi,11
Billie,782
Billiejo,8
Billy,39
Billye,23
Birdena,6
Birdie,32
Birgit,25
Birgitta,5
Birtha,9
Blaine,5
Blair,35
Blaire,5
Blanca,298
Blanch,18
Blanche,165
Blanchie,8
Blenda,22
Blima,6
Blinda,9
Bliss,6
Blondell,20
Blondie,7
Blondine,5
Blossom,11
Blythe,22
Bobbe,5
Bobbette,22
Bobbi,419
Bobbie,1004
Bobby,102
Bobbye,14
Bobetta,6
Bobette,46
Bobi,12
Boni,9
Bonita,893
Bonna,14
Bonne,9
Bonni,47
Bonnie,6391
Bonniejo,5
Bonnita,18
Bonny,183
Brad,7
Bradley,7
Branda,14
Brandi,27
Brandy,37
Breanda,7
Brenda,23969
Brendaa,5
Brendalee,24
Brendalyn,10
Brender,5
Brendetta,6
Brendia,9
Brenetta,9
Brenna,21
Brent,9
Brett,20
Bretta,9
Brian,52
Briana,14
Bridget,1152
Bridgett,205
Bridgetta,6
Bridgette,375
Bridgid,11
Bridgit,32
Bridgitt,10
Bridgitte,29
Brigett,9
Brigetta,10
Brigette,111
Briggette,14
Briggitte,12
Brigid,97
Brigida,14
Brigit,14
Brigitt,6
Brigitta,10
Brigitte,314
Brina,7
Brinda,61
Brita,16
Britt,19
Britta,20
Bronda,12
Bronwen,12
Bronwyn,19
Brook,12
Brooke,102
Brookie,8
Brooks,9
Bruce,33
Bruna,5
Brunilda,46
Bryan,15
Bryn,22
Bryna,9
Brynda,7
Brynne,5
Bulah,5
Bunni,5
Bunnie,18
Bunny,40
Burma,9
Burnadette,7
Burnett,6
Burnetta,11
Burnette,13
Cabrina,5
Caffie,7
Caitlin,15
Caleen,5
Calinda,6
Calista,9
Calla,8
Calleen,15
Callie,122
Cally,15
Calvin,28
Cam,12
Camela,9
Camelia,33
Camella,23
Camellia,21
Cameo,6
Cameron,30
Cami,30
Camie,32
Camila,7
Camile,5
Camilla,153
Camille,498
Camillia,13
Cammie,62
Cammy,44
Canda,6
Candace,843
Candance,26
Cande,5
Candee,21
Candelaria,11
Candence,6
Candi,147
Candia,12
Candice,268
Candida,26
Candie,50
Candis,47
Candise,15
Candra,11
Candus,7
Candy,827
Candyce,25
Cappie,5
Capri,8
Caprice,24
Cara,234
Caralee,12
Caralyn,10
Caran,7
Cardella,5
Caren,287
Caressa,8
Caretha,8
Carey,137
Cari,189
Caria,10
Caridad,14
Carie,49
Carilee,8
Carilyn,13
Carin,114
Carina,17
Carisa,12
Carissa,17
Carita,19
Carl,54
Carla,4375
Carlean,13
Carlee,9
Carleen,140
Carlen,7
Carlena,16
Carlene,318
Carletha,10
Carletta,55
Carlette,34
Carlie,5
Carlin,14
Carline,22
Carlis,10
Carlisa,10
Carliss,8
Carlissa,6
Carlita,15
Carlon,12
Carlos,29
Carlota,10
Carlotta,117
Carlotte,6
Carloyn,12
Carlton,9
Carlye,6
Carlyn,39
Carlyon,12
Carma,74
Carmalita,5
Carman,51
Carmel,131
Carmela,212
Carmelia,24
Carmelina,10
Carmelita,109
Carmell,6
Carmella,165
Carmen,2439
Carmie,10
Carmilla,9
Carmin,10
Carmina,9
Carmine,11
Carmon,21
Carnell,6
Carnetta,9
Carnita,5
Caro,7
Carol,17464
Carola,16
Carolann,100
Carolanne,14
Carole,1690
Carolee,66
Caroleen,6
Carolene,15
Carolin,23
Carolina,143
Caroline,1209
Caroljean,5
Caroll,17
Carollynn,5
Carolyn,9403
Carolyne,37
Carolynn,71
Carolynne,20
Caron,117
Caroyl,5
Carra,8
Carreen,7
Carrell,6
Carren,7
Carri,84
Carrie,3150
Carrin,6
Carrol,41
Carroll,90
Carrolyn,6
Carron,8
Carry,8
Cary,118
Caryl,112
Carylon,20
Caryn,266
Casandra,70
Casaundra,5
Casey,76
Cassandra,1278
Cassaundra,22
Cassi,7
Cassie,163
Cassondra,11
Cassy,15
Catalina,51
Catarina,14
Caterina,13
Cathaleen,5
Catharina,6
Catharine,104
Cathe,12
Catheleen,7
Catherin,11
Catherina,14
Catherine,9535
Cathern,16
Catheryn,14
Cathey,82
Cathi,151
Cathie,195
Cathleen,951
Cathlene,21
Cathlin,7
Cathline,5
Cathlyn,5
Cathrine,130
Cathryn,255
Cathryne,7
Cathy,9134
Cathyann,8
Cathye,7
Cathyrn,6
Catrina,23
Cay,19
Caye,5
Cece,13
Ceceilia,5
Cecelia,559
Cecil,19
Cecila,6
Cecile,140
Cecilia,1036
Cecilie,7
Cecille,6
Cecillia,9
Cecily,47
Ceclia,9
Cedric,8
Ceil,10
Cela,6
Celena,14
Celene,7
Celest,7
Celesta,23
Celeste,762
Celester,5
Celestina,12
Celestine,137
Celeta,5
Celia,540
Celie,5
Celina,69
Celinda,25
Celine,53
Celisa,6
Celita,6
Cena,6
Cendy,9
Ceola,25
Cerise,7
Cerita,7
Chana,90
Chanda,28
Chandra,153
Chanel,7
Chanie,5
Channa,9
Channie,5
Chantal,22
Chantay,67
Chantell,5
Char,26
Chara,8
Chari,41
Charice,6
Charie,9
Charis,18
Charise,30
Charissa,25
Charisse,109
Charita,15
Charity,70
Charla,159
Charlane,7
Charlann,5
Charlean,21
Charleen,111
Charlena,19
Charlene,2895
Charles,133
Charlesetta,33
Charlestine,5
Charlet,15
Charletta,12
Charlette,57
Charlie,45
Charlinda,6
Charline,35
Charlisa,7
Charlise,8
Charlita,5
Charlon,5
Charlotta,16
Charlotte,2779
Charlsie,6
Charlyn,31
Charlyne,6
Charlynn,17
Charm,6
Charma,10
Charmagne,5
Charmain,15
Charmaine,261
Charmane,11
Charmayne,21
Charmel,7
Charmin,8
Charmine,6
Charna,8
Charnell,7
Charnita,5
Charolett,9
Charolette,49
Charon,17
Charri,5
Charrise,5
Charyl,36
Charyn,5
Chauna,5
Chaya,16
Chele,15
Chella,9
Chelle,17
Chelly,7
Chelsea,9
Chenita,6
Chequita,8
Cher,27
Chere,32
Cheree,16
Cherese,6
Cheri,1409
Cherice,9
Cherie,656
Cheril,13
Cherilyn,36
Cherise,33
Cherisse,8
Cherita,14
Cherl,10
Cherly,25
Cherlyn,66
Cherlynn,5
Cherol,11
Cherrel,5
Cherrell,7
Cherri,188
Cherrie,120
Cherron,7
Cherry,222
Cherryl,61
Chery,32
Cheryal,12
Cheryel,8
Cheryl,19120
Cherylann,43
Cheryle,208
Cherylee,11
Cherylene,9
Cheryll,69
Cherylle,7
Cheryln,9
Cherylyn,12
Cherylynn,10
Cheryn,7
Cheyenne,7
Cheyrl,6
China,14
Chinita,6
Chiquita,36
Chloe,21
Chong,5
Chris,1509
Chrisandra,10
Chrisann,18
Chrisanne,12
Chriselda,7
Chriss,17
Chrissie,12
Chrissy,22
Christa,178
Christal,75
Christe,9
Christeen,17
Christel,48
Christell,10
Christella,15
Christen,16
Christena,18
Christene,60
Christi,409
Christia,13
Christian,18
Christiana,21
Christiane,36
Christianna,7
Christianne,17
Christie,585
Christin,22
Christina,2710
Christine,9880
Christinia,7
Christle,6
Christopher,52
Christy,1164
Chrisy,8
Chryl,20
Chrys,11
Chrysa,6
Chrystal,112
Chrystle,5
Chyrel,8
Chyrl,6
Cinda,128
Cinde,12
Cindee,48
Cinderella,11
Cindi,455
Cindia,10
Cindie,64
Cindra,23
Cindy,14949
Cinthia,54
Cintra,5
Ciria,5
Cissy,15
Clair,33
Claire,899
Clairene,5
Clara,914
Clare,321
Clarence,17
Clarene,5
Claressa,5
Claretha,19
Claretta,10
Claribel,12
Clarice,168
Clarinda,10
Clarine,7
Clarisa,13
Clarise,14
Clarissa,204
Clarisse,11
Clarita,12
Clarrissa,5
Classie,6
Claude,13
Claudene,8
Claudette,329
Claudia,1192
Claudie,11
Claudina,6
Claudine,53
Claudinette,7
Clay,7
Cleda,7
Clelia,6
Clemencia,5
Clementina,10
Clementine,51
Clemmie,9
Cleo,71
Cleola,7
Cleona,5
Cleopatra,9
Cleotilde,6
Cleta,21
Clifford,20
Clifton,5
Climmie,5
Clinton,5
Clora,6
Clorinda,7
Cloteal,6
Clover,11
Clyda,6
Clyde,13
Clydia,6
Clydie,6
Cnythia,7
Coby,9
Cody,21
Coleen,405
Colene,24
Coleta,7
Coletha,5
Coletta,26
Colette,524
Colin,7
Colleen,4448
Colleene,6
Collen,9
Collene,20
Colletta,6
Collette,175
Concepcion,39
Conception,7
Concetta,85
Concettina,6
Concha,7
Conchetta,6
Conchita,31
Conda,5
Coni,17
Conita,6
Conna,6
Connee,6
Conni,41
Connie,8881
Conny,17
Constance,1732
Constant,6
Constantina,6
Consuela,9
Consuella,11
Consuelo,129
Cookie,18
Cora,454
Coral,96
Coralee,24
Coralie,17
Coralyn,5
Coralynn,5
Corazon,5
Corby,9
Cordelia,79
Cordia,7
Cordie,8
Coreen,67
Corena,8
Corene,23
Coretha,8
Coretta,16
Corey,45
Cori,63
Corie,15
Corina,98
Corine,110
Corinna,39
Corinne,553
Corinthia,18
Corita,5
Corleen,8
Corlette,7
Corlis,24
Corliss,75
Corlyn,11
Cornelia,169
Cornell,6
Corona,5
Correen,6
Corri,7
Corrie,33
Corrin,9
Corrina,24
Corrine,236
Corrinne,18
Corry,6
Cory,70
Cosetta,5
Costella,9
Courtney,62
Coy,11
Cozetta,17
Cozette,18
Craig,20
Creola,10
Cricket,14
Crickett,6
Cris,74
Criselda,26
Criss,6
Crissie,8
Crissy,9
Crista,27
Cristal,41
Cristel,7
Cristela,9
Cristen,5
Cristi,78
Cristie,29
Cristin,10
Cristina,146
Cristine,50
Cristy,98
Cruz,47
Cruzita,5
Crys,9
Crysta,5
Crystal,2002
Crystall,5
Crystel,7
Crystle,10
Cuba,6
Curley,7
Curlie,5
Curtis,42
Curtistine,5
Cyd,29
Cydne,8
Cydney,31
Cydni,5
Cyinthia,7
Cylinda,9
Cynda,23
Cynde,20
Cyndee,50
Cyndi,176
Cyndia,6
Cyndie,41
Cyndra,5
Cyndy,70
Cynethia,5
Cynitha,27
Cynithia,9
Cyntha,15
Cyntheia,5
Cynthi,5
Cynthia,26717
Cyntia,5
Cyrena,6
Cythia,8
Cythina,6
Cythnia,5
Dabney,6
Dacia,16
Dagmar,18
Dahlia,37
Dail,8
Daina,45
Daine,10
Daisey,10
Daisy,464
Daiva,6
Dakota,13
Dala,8
Dale,535
Dalea,5
Daleen,7
Dalene,55
Dalerie,6
Dalia,105
Dalila,27
Dalinda,16
Dallas,43
Dalphine,20
Dalynn,5
Damaris,48
Damita,49
Damon,5
Dana,3088
Danae,15
Dandra,6
Dandrea,18
Dane,5
Daneen,17
Danell,30
Danella,10
Danelle,65
Danene,8
Danetta,24
Danette,451
Dani,54
Dania,21
Danica,7
Danice,23
Danie,5
Daniel,78
Daniela,26
Daniele,16
Daniella,10
Danielle,313
Danile,5
Danine,7
Danise,24
Danita,292
Dann,42
Danna,184
Danne,7
Dannelle,10
Dannetta,9
Dannette,79
Danni,12
Dannie,7
Dannielle,8
Danny,28
Danta,5
Danuta,8
Danya,13
Daphane,8
Daphene,8
Daphine,25
Daphne,295
Daphney,7
Daphyne,5
Dara,132
Darah,6
Daralyn,9
Darbi,8
Darbie,5
Darby,51
Darcee,22
Darcel,43
Darcell,19
Darcella,7
Darcelle,6
Darcey,45
Darci,109
Darcia,11
Darcie,77
Darcus,5
Darcy,481
Dareen,5
Daren,14
Darenda,8
Darene,5
Dari,21
Daria,133
Darian,10
Darice,27
Darien,8
Darilyn,12
Darin,16
Darinda,11
Daris,8
Darise,6
Darla,1724
Darlah,5
Darlean,38
Darleen,152
Darleene,6
Darlen,9
Darlena,39
Darlene,6097
Darlette,9
Darlinda,17
Darline,92
Darlis,5
Darlyn,23
Darlyne,19
Darlynn,12
Darlys,7
Darnell,54
Darnella,15
Darnelle,10
Darnetta,8
Darnette,6
Darnise,5
Darolyn,7
Darra,11
Darrel,5
Darrell,17
Darrelyn,9
Darren,15
Darrie,5
Darrin,6
Darryl,45
Darsi,15
Darsie,5
Daryl,97
Daryle,8
Daryn,6
Daun,20
Dauphine,8
Daureen,6
Daurice,5
Dava,24
Dave,6
Daveda,5
Daveen,6
Davena,6
Davene,5
Davetta,9
Davette,6
Davia,7
David,223
Davida,41
Davina,14
Davis,5
Davita,6
Davonna,7
Davonne,6
Dawn,7813
Dawna,175
Dawne,87
Dawnelle,9
Dawnetta,5
Dawnette,16
Dawnita,9
Dawnmarie,9
Dawnn,13
Dawnna,6
Dayla,10
Dayle,32
Dayna,162
De,10
Dea,30
Deadra,44
Dean,36
Deana,431
Deandra,11
Deandrea,10
Deane,13
Deanette,8
Deangela,7
Deania,5
Deanie,14
Deann,301
Deanna,2294
Deanne,428
Deannie,5
Deardra,5
Deatra,23
Deatrice,25
Deb,201
Debar,17
Debara,12
Debarah,10
Debaroh,8
Debbe,11
Debbera,7
Debbi,225
Debbie,17061
Debbora,15
Debborah,24
Debbra,170
Debby,670
Debbye,7
Debe,10
Debera,49
Deberah,10
Debi,357
Debie,24
Debooah,7
Debora,1554
Deborah,25262
Deboraha,19
Deborahann,7
Deborh,9
Deborha,57
Deboria,6
Deborrah,25
Debra,26731
Debraann,15
Debrah,177
Debria,11
Debroah,72
Debroha,6
Deby,25
December,5
Dede,81
Dedee,10
Dedorah,6
Dedra,129
Dedria,21
Dee,512
Deeana,6
Deeann,118
Deeanna,26
Deeanne,21
Deede,5
Deedee,135
Deedra,47
Deena,278
Deetta,33
Deette,15
Dehlia,5
Deidra,187
Deidre,339
Deidrea,8
Deirdra,46
Deirdre,567
Deitra,33
Del,17
Dela,10
Delaina,10
Delaine,46
Delana,64
Delane,20
Delania,5
Delanna,7
Delayne,10
Delberta,7
Delbra,8
Delcie,7
Delcina,5
Delea,5
Delee,12
Delena,22
Delene,34
Delesia,6
Delfina,28
Delia,479
Deliah,8
Delicia,20
Delight,7
Delila,16
Delilah,141
Delina,20
Delinda,56
Delisa,87
Delise,12
Delissa,5
Delite,5
Dell,39
Della,745
Dellar,5
Dellena,5
Dellia,6
Delma,92
Delmarie,7
Delmira,6
Delois,150
Deloise,48
Delona,9
Delonda,5
Delora,45
Deloras,8
Delores,1346
Deloria,13
Delories,15
Deloris,430
Delorise,15
Delorse,18
Delpha,10
Delphia,33
Delphina,10
Delphine,192
Delphinia,6
Delrae,6
Delsie,11
Delta,25
Delva,5
Delynn,24
Demaris,10
Demetra,42
Demetress,5
Demetria,71
Demetrica,6
Demetrice,20
Demetris,19
Demetrius,18
Demita,7
Demmie,5
Dena,739
Denae,9
Dene,10
Denea,5
Denece,14
Denee,10
Deneen,25
Deneice,10
Deneise,9
Denel,5
Denelda,7
Denell,10
Denelle,7
Denene,8
Denese,61
Denetra,8
Denetta,8
Denette,55
Deni,9
Denia,13
Denice,375
Denie,6
Deniece,31
Deniese,13
Denine,16
Denis,11
Denisa,26
Denise,15064
Denisha,5
Denita,74
Denna,60
Dennette,16
Dennia,5
Dennice,8
Dennie,11
Dennis,54
Dennise,65
Denny,13
Denyce,7
Denyse,24
Deola,5
Deon,22
Deona,8
Deone,5
Deonna,12
Deonne,9
Dera,6
Derenda,14
Deretha,7
Derhonda,8
Deridre,9
Derinda,14
Deronda,12
Derotha,7
Derrell,5
Derrick,9
Derry,5
Desa,5
Deseree,5
Deserie,15
Desi,19
Desirae,7
Desire,7
Desiree,531
Desma,6
Despina,18
Dessa,12
Dessie,53
Desta,9
Destiny,9
Detra,49
Detria,9
Detrice,9
Deva,13
Develyn,5
Devera,8
Deverly,5
Devery,12
Devetta,6
Devi,8
Devin,7
Devon,36
Devona,26
Devonda,7
Devone,5
Devonna,20
Devonne,18
Devora,19
Devorah,15
Devoria,5
Devra,16
Devy,27
Dewana,11
Dewanda,12
Dewanna,20
Dia,15
Diahann,11
Diamantina,14
Dian,105
Diana,8328
Dianah,14
Diane,17905
Diania,25
Diann,356
Dianna,1653
Diannah,5
Dianne,2621
Diannia,13
Diantha,10
Dibbie,7
Dicie,12
Dickie,5
Didi,5
Diedra,44
Diedre,57
Dierdra,10
Dierdre,44
Dietra,16
Dietrich,5
Dimitri,5
Dimple,11
Dina,554
Dinah,295
Dineen,6
Dinorah,7
Dion,12
Diona,12
Dione,30
Dionicia,8
Dionne,40
Dita,5
Diva,7
Dixie,457
Dlisa,6
Dlorah,5
Docia,6
Doddie,5
Dodi,14
Dodie,52
Dody,24
Dola,5
Doll,5
Dollie,100
Dolly,184
Dolores,1366
Doloris,8
Domenica,23
Dominga,24
Dominica,8
Dominique,38
Domitila,6
Don,19
Dona,310
Donah,6
Donald,87
Donalda,11
Donalee,10
Donalyn,13
Donata,12
Donda,9
Dondi,10
Dondra,14
Doneen,8
Donelda,8
Donell,16
Donella,27
Donelle,18
Donetta,54
Donette,40
Doni,24
Donia,10
Donica,5
Donice,14
Doniece,5
Donielle,7
Donis,12
Donise,6
Donita,140
Donn,7
Donna,34139
Donnajean,12
Donnalee,28
Donnalyn,5
Donnalynn,10
Donnamae,6
Donnamaria,6
Donnamarie,54
Donne,11
Donnel,9
Donnell,26
Donnetta,30
Donnette,42
Donni,6
Donnia,14
Donnie,74
Donnis,15
Donnita,24
Donya,16
Donza,5
Donzella,5
Dora,925
Doralee,7
Doralyn,6
Doran,5
Dorann,6
Doranne,6
Dorathy,11
Dorcas,95
Dorcus,11
Dore,8
Dorean,9
Doreatha,28
Doree,18
Doreen,1911
Doreena,6
Doreene,12
Dorella,8
Dorena,10
Dorenda,18
Dorene,229
Doresa,6
Doretha,163
Dorethea,19
Doretta,42
Dorette,7
Dori,209
Doria,28
Dorian,88
Doriann,8
Dorianne,11
Dorice,21
Dorie,47
Dorien,5
Dorina,21
Dorinda,167
Dorine,55
Dorinne,8
Doris,2898
Dorise,16
Doristine,5
Dorita,21
Dorla,14
Dorlene,8
Dorma,9
Dorna,8
Dorotha,16
Dorothe,5
Dorothea,280
Dorothey,8
Dorothy,5078
Dorraine,7
Dorreen,12
Dorrene,6
Dorri,13
Dorrie,40
Dorrine,10
Dorris,36
Dorsey,19
Dortha,22
Dorthea,38
Dorthey,13
Dorthia,6
Dorthy,120
Dory,28
Doryce,5
Dossie,5
Dot,15
Dotti,8
Dottie,185
Dotty,43
Doty,7
Douglas,34
Dove,5
Dovetta,8
Dovie,23
Doylene,7
Dreama,70
Dree,7
Drema,71
Drena,18
Drenda,22
Drew,12
Drina,5
Drinda,6
Dru,36
Druann,11
Druanne,5
Drucilla,44
Drue,12
Druscilla,7
Drusilla,57
Duana,11
Duane,15
Duanne,6
Dulce,9
Dulcie,5
Dureen,5
Durenda,8
Durene,5
Durinda,11
Dusty,13
Dvora,5
Dwan,14
Dwana,17
Dwanda,7
Dwanna,11
Dwayne,21
Dwight,11
Dyan,14
Dyana,17
Dyane,10
Dyann,15
Dyanna,13
Dyanne,18
Dymphna,5
Earl,16
Earla,12
Earlean,26
Earleen,14
Earlene,183
Earlie,6
Earline,125
Earma,5
Earnest,17
Earnestine,212
Eartha,61
Easter,45
Echo,17
Eda,16
Edana,5
Edda,15
Eddi,6
Eddie,103
Eddy,5
Edee,7
Edelmira,10
Eden,25
Edie,143
Edina,6
Edith,1283
Edmonia,5
Edna,1108
Edra,10
Edrie,8
Edris,5
Eduardo,6
Edward,70
Edwin,18
Edwina,192
Edy,6
Edye,11
Edyth,12
Edythe,52
Effie,96
Eileen,3496
Eilene,24
Eilleen,14
Ela,5
Elain,8
Elaina,56
Elaine,4315
Elana,138
Elanda,13
Elane,16
Elayne,40
Elba,61
Elberta,11
Elda,59
Eldonna,5
Eldora,14
Eleanor,826
Eleanora,19
Eleanore,29
Elease,12
Elecia,7
Electa,5
Electra,8
Eleen,6
Elena,430
Elene,9
Eleni,12
Elenor,9
Elenora,12
Eleonora,9
Elesa,13
Elese,7
Elesia,9
Eletha,5
Elfreda,11
Elfreida,5
Elfriede,5
Elia,51
Eliabeth,7
Elicia,25
Elida,80
Elidia,8
Elin,12
Elina,5
Elinda,15
Elinor,68
Elinore,7
Elisa,514
Elisabeth,378
Elise,374
Elisha,49
Elisia,8
Elissa,105
Elissia,5
Elita,8
Eliza,100
Elizabet,6
Elizabeth,18854
Elizabth,8
Elizbeth,27
Elizebeth,57
Elke,9
Ella,747
Ellamae,9
Ellan,8
Elleen,6
Ellen,5135
Ellena,15
Ellene,7
Ellenmarie,9
Ellie,74
Ellin,8
Ellis,14
Ellisa,9
Elly,7
Ellyn,82
Elma,111
Elmarie,5
Elmer,9
Elmira,31
Elna,13
Elnita,5
Elnora,99
Elodia,16
Elodie,6
Elois,27
Eloisa,52
Eloise,186
Elona,11
Elonda,16
Elora,6
Elouise,49
Elsa,280
Elsbeth,6
Elsie,348
Elta,5
Elva,189
Elvena,5
Elvera,12
Elvia,99
Elvie,8
Elvina,14
Elvira,189
Elvita,5
Elwanda,9
Elyce,6
Elysa,12
Elyse,98
Elysia,6
Elyssa,9
Ema,6
Emaline,5
Ember,6
Emelda,8
Emelia,13
Emelie,9
Emelina,6
Emeline,9
Emely,8
Emelyn,6
Emerita,6
Emery,7
Emil,5
Emilee,7
Emiley,5
Emilia,66
Emilie,71
Emily,1225
Emma,979
Emmajean,5
Emmaline,9
Emmer,6
Emmie,10
Emmy,20
Emogene,10
Emy,9
Ena,25
Enda,7
Endia,5
Enedelia,21
Enedina,31
Eneida,17
Enid,87
Enola,10
Enrique,6
Enriqueta,14
Enza,6
Equilla,6
Era,14
Eraina,7
Eria,5
Eric,26
Erica,235
Ericka,29
Erie,8
Erika,176
Erin,1155
Eris,6
Erlene,14
Erlinda,83
Erline,6
Erma,242
Ermelinda,25
Erminia,11
Erna,26
Ernest,24
Ernesta,6
Ernestina,76
Ernestine,401
Ernie,8
Ertha,7
Esmeralda,168
Esperanza,136
Essie,139
Esta,24
Estefana,5
Estela,74
Estell,7
Estella,285
Estelle,154
Ester,160
Esther,1363
Estrella,11
Estrellita,10
Etha,7
Ethel,730
Ethelene,11
Etheline,7
Ethelyn,12
Etta,214
Etter,5
Eudelia,6
Eudora,10
Eufemia,11
Eugena,10
Eugene,17
Eugenia,348
Eugenie,27
Eugina,9
Eula,132
Eulalia,29
Eulanda,6
Eulene,8
Euna,10
Eunice,326
Eva,1686
Evalina,7
Evaline,8
Evalyn,23
Evamarie,25
Evan,15
Evangelina,68
Evangeline,121
Eve,302
Evelena,12
Evelene,9
Evelia,12
Evelin,9
Evelina,30
Eveline,13
Evella,8
Evelyn,3219
Evelyne,13
Evelynn,12
Everlena,6
Everlene,5
Everlina,11
Everlyn,9
Evett,5
Evetta,10
Evette,129
Evie,51
Evita,5
Evon,69
Evonda,8
Evone,14
Evonne,84
Evvie,6
Evy,9
Exie,6
Eydie,27
Eyvette,11
Eyvonne,23
Fabia,5
Fabiola,13
Fae,8
Faige,5
Fairy,11
Faith,873
Faithe,6
Falicia,5
Falina,5
Fannie,231
Fanny,28
Fara,31
Farah,19
Farrell,5
Fatima,43
Faun,5
Faustina,14
Fawn,125
Fay,274
Faye,782
Fayetta,14
Fayette,8
Faylene,8
Faythe,9
Fe,5
Felechia,6
Felecia,345
Felesia,5
Felica,25
Felice,73
Felicia,1401
Felicita,33
Felicitas,15
Felicity,14
Felina,6
Felipa,24
Felisa,35
Felisha,17
Felissa,5
Felita,38
Felix,8
Fern,183
Fernanda,8
Fernando,5
Ferne,13
Filomena,28
Fiona,21
Flavia,14
Flecia,8
Fleeta,7
Flo,12
Flor,25
Flora,340
Florance,8
Florence,738
Florencia,8
Florenda,6
Florene,22
Florentina,16
Floretta,30
Florette,10
Floria,23
Florida,20
Florie,11
Florina,6
Florinda,23
Florine,56
Florita,13
Florrie,7
Flossie,53
Floy,6
Floyd,12
Fonda,152
Fontaine,6
Forrest,9
Fortune,7
Frady,6
Fran,280
Franca,11
France,22
Francee,7
Franceen,6
Francelia,6
Francella,7
Francena,8
Francene,45
Francenia,10
Frances,3591
Francesca,138
Francetta,6
Franchesca,9
Franchester,5
Franci,8
Francia,7
Francie,47
Francies,5
Francina,40
Francine,1022
Francis,193
Francisca,129
Francisco,12
Francoise,11
Francy,7
Frank,37
Franki,7
Frankie,320
Franklin,11
Frankye,5
Frann,5
Frannie,12
Franny,9
Fred,14
Freda,449
Fredda,16
Freddie,71
Frederica,47
Frederick,22
Fredericka,18
Fredia,60
Fredrica,9
Fredricka,14
Fredrika,7
Freeda,9
Freida,109
Frenchie,8
Frieda,101
Gabriel,11
Gabriela,47
Gabriele,17
Gabriella,35
Gabrielle,192
Gaby,9
Gae,13
Gael,8
Gail,5425
Gaila,16
Gaile,14
Gailene,6
Gailya,5
Gailyn,5
Gala,27
Gale,587
Galena,6
Galynn,5
Ganell,5
Gara,5
Gardenia,16
Gari,16
Garland,8
Garnet,28
Garnett,9
Garnetta,14
Garnette,12
Garry,5
Gary,78
Gatha,6
Gay,627
Gayann,7
Gaye,268
Gayl,11
Gayla,399
Gaylan,5
Gayle,1492
Gayleen,25
Gaylen,15
Gaylene,94
Gaylia,5
Gaylon,6
Gaylyn,16
Gaylynn,22
Gayna,5
Gaynel,5
Gaynell,66
Gaynelle,31
Gaytha,5
Gean,7
Geana,5
Geanie,6
Geanine,5
Geanna,5
Gearld,5
Gearldine,39
Gemma,35
Gena,267
Genae,5
Gene,34
Genea,6
Genee,6
Geneen,6
Geneice,6
Genell,13
Genelle,11
Genene,25
Genese,17
Genetta,15
Genette,16
Geneva,431
Genevia,11
Genevie,5
Genevieve,274
Genevive,8
Geni,10
Genia,41
Genice,33
Genie,43
Geniece,6
Geniel,5
Genine,17
Genise,39
Genita,11
Genna,24
Gennell,8
Gennetta,5
Gennette,8
Gennie,19
Gennifer,9
Gennine,5
Genny,29
Genora,9
Genoveva,18
Georgann,36
Georganna,16
Georganne,30
George,82
Georgeann,53
Georgeanna,19
Georgeanne,20
Georgena,12
Georgene,49
Georgetta,50
Georgette,251
Georgia,988
Georgiana,51
Georgiann,30
Georgianna,65
Georgianne,28
Georgie,48
Georgina,145
Georgine,37
Geral,5
Gerald,36
Geraldine,1430
Geralene,5
Geraline,6
Geralyn,249
Geralynn,19
Gerardette,7
Gerardine,5
Gerda,5
Geri,319
Geriann,16
Gerianne,27
Gerie,7
Gerilyn,29
Gerilynn,6
Germaine,116
Gerri,197
Gerrianne,5
Gerrie,34
Gerrilyn,5
Gerry,99
Gertha,8
Gertie,28
Gertrude,212
Gia,41
Gianina,5
Gianna,21
Gidget,19
Gigi,260
Gila,5
Gilbert,12
Gilda,137
Gillian,19
Gilma,5
Gina,3567
Ginamarie,11
Ginette,24
Ginger,1137
Gini,23
Ginna,8
Ginnette,5
Ginnie,30
Ginny,231
Gino,6
Gioia,12
Giovanna,25
Gisela,33
Gisele,96
Giselle,70
Gita,12
Giulia,8
Giuliana,5
Giuseppina,8
Gizelle,9
Gladine,5
Gladis,5
Glady,6
Gladys,860
Glanda,7
Glee,9
Glen,7
Glena,22
Glenda,2691
Glendale,7
Glendora,39
Glenetta,7
Glenice,7
Glenn,22
Glenna,286
Glennda,15
Glennette,6
Glennie,9
Glennis,24
Glinda,61
Glora,7
Glori,8
Gloria,5958
Gloriann,13
Glorianne,9
Glorie,19
Glory,63
Glynda,56
Glynis,36
Glynn,7
Glynna,7
Glynnis,8
Golda,10
Golden,5
Goldie,86
Goldy,5
Gordon,11
Grace,1567
Graceann,5
Gracia,13
Gracie,317
Graciela,173
Gracy,7
Grayce,8
Greer,15
Greg,5
Gregg,13
Gregoria,10
Gregory,78
Greta,322
Gretchen,935
Gretel,6
Gretta,53
Gricel,5
Gricelda,10
Grisel,14
Griselda,36
Guadalupe,440
Guillermina,31
Gussie,31
Guy,7
Guyla,11
Gwen,893
Gwenda,68
Gwendalyn,14
Gwendell,6
Gwendelyn,7
Gwendloyn,7
Gwendlyn,14
Gwendlyon,5
Gwendola,6
Gwendolen,8
Gwendoly,5
Gwendolyn,2551
Gwendolynn,18
Gweneth,5
Gwenetta,10
Gwenette,15
Gwenevere,21
Gwenn,43
Gwenna,7
Gwennette,6
Gwin,6
Gwyn,100
Gwyneth,18
Gwynn,23
Gwynne,21
Haidee,9
Hala,10
Halina,10
Halle,5
Hallie,50
Hally,5
Hana,5
Hanna,21
Hannah,133
Hannelore,5
Harla,6
Harlene,9
Harmony,6
Harold,27
Harolyn,13
Harriet,470
Harriett,152
Harrietta,8
Harriette,41
Harry,21
Harvey,11
Hattie,287
Haya,5
Haydee,45
Hayley,9
Hazel,577
Heather,971
Hedwig,7
Hedy,35
Hee,5
Heide,66
Heidemarie,8
Heidi,2341
Heidie,5
Heidimarie,5
Heidy,12
Helaine,42
Helane,10
Helayne,11
Helen,4069
Helena,215
Helene,433
Helga,40
Hellen,36
Helyn,6
Henretta,11
Henri,10
Henrietta,272
Henriette,8
Henritta,5
Henry,39
Herbert,12
Herlinda,64
Herman,11
Hermelinda,48
Hermina,6
Herminia,38
Hermione,7
Hester,47
Hettie,22
Hiawatha,8
Hiedi,11
Hilarie,8
Hilary,164
Hilda,458
Hilde,5
Hildegard,9
Hildegarde,5
Hildy,13
Hillary,75
Hilma,8
Hinda,6
Hindy,7
Holley,28
Holli,77
Hollie,91
Hollis,53
Holly,2578
Hollyann,6
Honey,14
Honor,8
Honora,12
Hope,570
Horace,5
Hortencia,59
Hortense,16
Hortensia,23
Howard,14
Iantha,9
Icie,5
Ida,737
Idalia,35
Idamae,7
Idell,12
Idella,37
Ignacia,7
Ila,57
Ilah,5
Ilana,16
Ilda,12
Ilean,11
Ileana,49
Ileane,6
Ileen,19
Ilene,274
Ilia,5
Iliana,22
Illona,5
Ilona,35
Ilsa,9
Ilse,8
Ilyse,11
Ima,14
Imelda,78
Imogene,62
Ina,149
Inda,7
India,41
Indie,5
Inell,14
Ines,37
Inetha,5
Inetta,9
Inez,236
Inga,45
Inge,22
Ingeborg,8
Inger,24
Ingrid,455
Iola,26
Iona,37
Ione,26
Ira,33
Iraida,14
Irasema,27
Irena,10
Irene,2032
Ireta,6
Iretha,7
Iris,779
Irish,40
Irma,957
Irna,5
Isa,12
Isabel,391
Isabelita,5
Isabell,34
Isabella,54
Isabelle,98
Isaura,6
Isela,17
Isha,6
Isidra,8
Isis,5
Ismelda,5
Iva,135
Ivan,7
Ivana,6
Ivelisse,23
Ivery,6
Ivette,159
Ivey,17
Ivie,7
Ivone,6
Ivonne,69
Ivory,55
Ivy,273
Izetta,10
Izola,10
Jacalyn,70
Jacci,9
Jaci,25
Jacie,6
Jacinta,30
Jack,15
Jackalyn,5
Jacki,138
Jackie,2984
Jacklin,11
Jackline,5
Jacklon,5
Jacklyn,91
Jacklynn,14
Jackolyn,7
Jackqueline,24
Jackquelyn,6
Jackquline,14
Jacky,30
Jackye,9
Jaclyn,44
Jaclynn,7
Jacolyn,6
Jacqline,6
Jacqualine,28
Jacqualyn,11
Jacque,139
Jacquelene,14
Jacquelin,94
Jacquelina,5
Jacqueline,5652
Jacquelyn,1045
Jacquelyne,42
Jacquelynn,44
Jacquelynne,9
Jacquetta,21
Jacqui,17
Jacquie,51
Jacquiline,9
Jacquita,9
Jacqulin,13
Jacquline,170
Jacqulyn,50
Jacqulyne,5
Jacqulynn,7
Jaculin,7
Jada,12
Jade,20
Jadene,6
Jadine,5
Jae,7
Jaime,96
Jaimee,8
Jaimie,19
Jaine,5
Jalaine,8
Jalene,11
Jama,34
Jame,9
Jamee,12
Jamelle,6
James,291
Jamesena,5
Jamesetta,12
Jamey,29
Jami,263
Jamie,2203
Jammie,27
Jamy,9
Jamye,16
Jan,2447
Jana,980
Janae,24
Janai,5
Janalee,17
Janalyn,7
Janan,18
Janay,5
Jance,5
Janda,8
Jane,6585
Janean,51
Janeane,12
Janeann,12
Janeanne,5
Janece,19
Janee,17
Janeen,140
Janeene,11
Janeice,5
Janeil,11
Janel,110
Janelda,6
Janell,235
Janella,22
Janelle,442
Janene,105
Janenne,7
Janese,20
Janet,14252
Janeth,9
Janett,54
Janetta,65
Janette,560
Janey,62
Jani,71
Janice,9622
Janie,1084
Janiece,48
Janiene,7
Janina,29
Janine,1381
Janis,856
Janise,36
Janita,37
Janith,6
Janlyn,5
Janmarie,5
Jann,83
Janna,210
Janne,17
Jannell,21
Jannelle,12
Jannet,25
Jannett,18
Jannetta,7
Jannette,120
Janni,5
Jannice,30
Jannie,137
Jannifer,9
Jannine,18
Jannis,17
Janny,6
Janora,7
January,6
Janus,5
Janyce,26
Janyne,5
Jaqueline,28
Jaquelyn,6
Jaquetta,6
Jaquita,10
Jaren,5
Jari,12
Jasmin,13
Jasmine,33
Jaunita,46
Jay,44
Jaye,91
Jaylene,31
Jaylyn,8
Jayma,11
Jayme,91
Jaymee,5
Jaymie,24
Jayna,31
Jayne,909
Jaynee,11
Jaynie,20
Jea,6
Jean,5639
Jeana,113
Jeanann,24
Jeananne,8
Jeane,34
Jeanean,11
Jeaneane,5
Jeaneen,22
Jeanell,16
Jeanelle,18
Jeanene,90
Jeanenne,17
Jeanett,21
Jeanetta,82
Jeanette,2648
Jeani,17
Jeania,15
Jeanice,40
Jeanie,395
Jeanine,849
Jeaninne,11
Jeanita,7
Jeanitta,5
Jeanmarie,76
Jeanna,133
Jeanne,3506
Jeannean,10
Jeannell,5
Jeannemarie,7
Jeannene,27
Jeannett,15
Jeannetta,22
Jeannette,939
Jeanni,8
Jeannie,1057
Jeannine,637
Jeanny,7
Jeany,6
Jearldine,6
Jearlean,5
Jeff,20
Jeffery,46
Jeffie,5
Jeffrey,83
Jen,5
Jena,69
Jenai,5
Jene,15
Jenean,32
Jeneane,21
Jeneanne,6
Jenee,9
Jeneen,9
Jenel,5
Jenell,28
Jenelle,18
Jenene,24
Jenetta,12
Jenette,21
Jeni,44
Jenice,33
Jeniece,10
Jenifer,240
Jeniffer,5
Jenine,55
Jenise,57
Jenita,9
Jenna,32
Jenne,14
Jennefer,6
Jennell,16
Jennelle,5
Jennene,6
Jenneth,10
Jennett,10
Jennetta,8
Jennette,39
Jenney,7
Jenni,57
Jennice,8
Jennie,807
Jennifer,7243
Jenniffer,11
Jennine,36
Jenny,1351
Jera,5
Jerald,5
Jeraldine,32
Jeralyn,19
Jeralynn,7
Jere,19
Jerelyn,13
Jeremy,5
Jerene,9
Jeri,757
Jeriann,10
Jerianne,8
Jerie,6
Jerilee,9
Jerilyn,87
Jerilynn,21
Jerita,5
Jerlean,6
Jerline,10
Jerlyn,5
Jerolyn,14
Jerome,28
Jerra,7
Jerrae,5
Jerri,550
Jerriann,11
Jerrianne,6
Jerrie,123
Jerrilyn,25
Jerrilynn,6
Jerry,158
Jeryl,23
Jesse,34
Jessica,557
Jessie,509
Jesslyn,7
Jestina,5
Jestine,14
Jesus,11
Jesusa,14
Jesusita,17
Jetta,18
Jettie,23
Jewel,226
Jewelene,6
Jewell,143
Jil,32
Jilda,11
Jilene,5
Jill,6020
Jillaine,6
Jilleen,5
Jillene,17
Jillian,13
Jim,8
Jimi,6
Jimmi,5
Jimmie,115
Jimmy,32
Jina,27
Jinger,7
Jinnie,10
Jinny,5
Jo,3373
Joan,5881
Joana,13
Joane,20
Joanette,14
Joani,24
Joanie,140
Joanita,5
Joanmarie,7
Joann,3409
Joanna,820
Joanne,4876
Joannie,43
Jobeth,7
Jocelyn,228
Jocelyne,6
Jodean,28
Jodee,95
Jodeen,11
Jodel,7
Jodell,28
Jodelle,11
Jodene,42
Jodette,5
Jodi,1561
Jodiann,7
Jodie,503
Jodine,18
Jody,1841
Joe,129
Joeann,24
Joeanne,5
Joedy,5
Joel,23
Joelene,12
Joell,11
Joella,39
Joelle,30
Joellen,167
Joellyn,25
Joelyn,13
Joesphine,12
Joetta,81
Joette,53
Joey,23
Johann,7
Johanna,310
Johannah,10
Johanne,12
John,242
Johna,32
Johnda,5
Johnell,5
Johnella,9
Johnese,5
Johnetta,57
Johnette,48
Johnice,5
Johnie,12
Johnita,12
Johnna,106
Johnnetta,8
Johnni,5
Johnnie,405
Johnny,75
Johnsie,9
Joi,91
Joice,11
Joie,7
Jojo,7
Jolana,5
Jolanda,13
Jolayne,12
Jolee,12
Joleen,124
Joleene,5
Jolena,8
Jolene,522
Joleta,5
Joletta,8
Joli,21
Jolie,46
Jolinda,29
Joline,34
Jolisa,7
Jolleen,7
Jolyn,40
Jolynda,6
Jolyne,5
Jolynn,99
Jolynne,14
Jomarie,7
Jon,26
Jona,29
Jonathan,11
Jonda,14
Jone,12
Jonee,5
Jonel,7
Jonell,28
Jonelle,27
Jonetta,18
Jonette,34
Joni,1386
Jonica,5
Jonie,22
Jonita,20
Jonna,72
Jonnette,5
Jonni,15
Jonnie,65
Jordan,6
Jordana,19
Jorene,13
Joretha,6
Joretta,11
Jori,10
Jorie,5
Jorja,5
Jory,11
Josanne,6
Jose,44
Josee,5
Josefa,29
Josefina,119
Josefine,6
Joselyn,11
Joseph,120
Josepha,8
Josephina,16
Josephine,1158
Josetta,9
Josette,58
Josi,5
Josie,305
Josiephine,5
Josine,5
Joslyn,24
Jossie,6
Jovita,34
Jovon,10
Jowanda,7
Jowanna,6
Joy,2775
Joya,13
Joyann,5
Joyce,7754
Joycelyn,80
Joycelynn,5
Joycie,8
Joye,63
Joyice,7
Joylene,8
Joylyn,8
Joylynn,11
Juan,30
Juana,163
Juanda,12
Juanetta,12
Juanice,5
Juanita,2095
Juanitta,5
Juda,5
Jude,20
Judee,22
Judene,6
Judeth,7
Judi,426
Judiann,7
Judie,95
Judith,6150
Judithann,5
Judy,8860
Judyann,19
Judyth,6
Juel,5
Julaine,10
Julane,8
Julann,7
Julanne,7
Jule,26
Julee,70
Juleen,13
Julene,44
Juley,7
Juli,234
Julia,3787
Julian,8
Juliana,179
Juliane,19
Juliann,134
Julianna,101
Julianne,324
Julie,16077
Julieann,45
Julieanne,24
Juliene,15
Julienne,46
Juliet,172
Julieta,23
Julietta,11
Juliette,119
Julina,5
Juline,7
Julio,7
Julita,6
Jullie,10
Juna,6
June,1645
Junetta,10
Junette,8
Jung,7
Junice,5
Junie,10
Junita,6
Justina,89
Justine,216
Jutta,8
Jyl,10
Jyll,6
Kaaren,9
Kacey,7
Kae,13
Kai,6
Kaia,8
Kala,30
Kaleen,7
Kalene,10
Kali,7
Kalleen,5
Kalli,7
Kallie,9
Kally,7
Kalynn,9
Kam,8
Kama,6
Kamala,10
Kamela,5
Kami,28
Kamie,9
Kammie,7
Kammy,10
Kanda,6
Kandace,40
Kande,5
Kandee,16
Kandi,115
Kandice,23
Kandie,30
Kandis,22
Kandra,7
Kandy,188
Kandyce,9
Kara,135
Karalee,12
Karan,109
Kare,6
Karee,12
Kareen,20
Karel,26
Karen,36382
Karene,12
Karey,32
Kari,749
Karia,7
Karie,81
Karil,8
Karilyn,7
Karin,738
Karina,16
Karine,11
Karis,16
Karl,20
Karla,1654
Karlee,7
Karleen,50
Karlene,94
Karlette,7
Karlin,9
Karlyn,26
Karma,26
Karman,7
Karmel,5
Karmella,5
Karmen,43
Karmon,6
Karn,9
Karna,10
Karne,5
Karol,225
Karole,22
Karolee,6
Karoline,15
Karolyn,70
Karon,184
Karren,68
Karri,73
Karrie,190
Karrin,5
Karrol,5
Karry,23
Kary,23
Karyl,59
Karyn,242
Kasandra,26
Kasey,12
Kassandra,26
Kassie,14
Kassy,6
Katalin,6
Kate,207
Kateri,16
Katerina,5
Katey,9
Kath,10
Katha,14
Kathaleen,82
Kathalene,9
Kathaline,5
Katharina,20
Katharine,304
Katharyn,14
Kathe,39
Kathee,10
Katheen,8
Katheleen,15
Katherene,8
Katherin,25
Katherina,14
Katherine,5877
Kathern,40
Katherne,6
Katheryn,139
Katheryne,11
Kathey,68
Kathi,681
Kathie,469
Kathlean,6
Kathleen,16086
Kathleene,12
Kathlen,7
Kathlene,70
Kathline,5
Kathlyn,53
Kathlynn,5
Kathreen,5
Kathren,11
Kathrin,21
Kathrina,13
Kathrine,190
Kathryn,5868
Kathryne,41
Kathrynn,6
Kathy,18481
Kathyann,15
Kathye,15
Kathyleen,12
Kathyrn,69
Kati,13
Katia,6
Katie,593
Katina,48
Katleen,11
Katrena,19
Katrin,8
Katrina,771
Katrine,5
Katrinka,12
Kattie,31
Katty,5
Katy,185
Kay,1925
Kayann,5
Kaye,291
Kayla,130
Kaylee,6
Kayleen,34
Kaylene,59
Kaylyn,7
Kaylynn,14
Kayren,6
Keela,17
Keeley,16
Keely,118
Keena,18
Keiko,5
Keila,16
Keith,45
Keitha,24
Kela,5
Kelee,6
Keleigh,6
Kelene,6
Keli,44
Kelia,6
Kelie,7
Kella,6
Kelle,82
Kellee,69
Kelleen,18
Kellene,16
Kelley,1004
Kelli,955
Kellie,785
Kelly,8676
Kellyann,15
Kellye,56
Kelsey,13
Kelsie,9
Kelvin,11
Kem,21
Kemberly,22
Kena,12
Kenda,56
Kendal,16
Kendall,109
Kendell,8
Kendra,285
Kendy,7
Kenna,66
Kenneth,93
Kennetha,16
Kennette,6
Kenni,5
Kennie,7
Kennita,6
Kenny,15
Kent,6
Kenya,19
Keren,7
Keri,239
Kerin,32
Keron,7
Kerri,478
Kerriann,5
Kerrie,126
Kerrin,5
Kerry,952
Kerstin,14
Keryl,10
Keta,6
Ketty,9
Keturah,7
Keva,5
Kevin,94
Khristine,5
Khristy,6
Kia,8
Kieran,6
Kiki,11
Kila,5
Kileen,16
Kim,12471
Kima,8
Kimala,11
Kimalee,5
Kimarie,6
Kimary,6
Kimba,5
Kimball,9
Kimbely,6
Kimber,75
Kimberely,50
Kimberla,5
Kimberle,49
Kimberlea,17
Kimberlee,414
Kimberleigh,10
Kimberley,1200
Kimberli,94
Kimberlie,76
Kimberlin,13
Kimberly,16851
Kimberlye,7
Kimberlyn,40
Kimberlynn,7
Kimbery,7
Kimble,11
Kimblery,6
Kimbley,11
Kimbly,7
Kimbra,64
Kimela,11
Kimella,5
Kimely,5
Kimerly,24
Kimery,11
Kimetha,5
Kimi,37
Kimie,6
Kimiko,9
Kimila,5
Kimla,11
Kimlee,5
Kimley,5
Kimlyn,5
Kimm,20
Kimmarie,11
Kimmerly,6
Kimmi,10
Kimmie,53
Kimmy,34
Kimra,14
Kina,14
Kindra,17
Kip,8
Kippy,8
Kira,27
Kirby,14
Kirk,12
Kirsten,258
Kirstie,9
Kirstin,24
Kit,38
Kitrina,5
Kitt,11
Kitti,12
Kittie,14
Kitty,263
Kiva,11
Klara,5
Koleen,10
Kolette,5
Kolleen,44
Koni,13
Konni,8
Konnie,45
Konstantina,5
Koreen,25
Koren,17
Korene,6
Korey,7
Kori,27
Korie,5
Korin,6
Korinne,6
Kris,576
Krisann,8
Krisanne,11
Krishna,9
Kriss,17
Krissy,8
Krista,314
Kristal,72
Kristan,37
Kriste,14
Kristee,5
Kristeen,15
Kristel,14
Kristen,542
Kristene,11
Kristi,1058
Kristie,322
Kristin,774
Kristina,424
Kristine,1083
Kristy,535
Kristyn,29
Kristyne,5
Krys,6
Krystal,121
Krysten,6
Krysti,5
Krystn,5
Krystyna,14
Kurt,8
Kye,5
Kyla,31
Kyle,223
Kyleen,13
Kylene,7
Kylie,8
Kym,78
Kymberly,38
Kymm,6
Kyna,8
Kyra,52
La,13
Labrenda,5
Lacey,19
Lachele,5
Lachelle,14
Lacheryl,5
Lacie,6
Lacinda,19
Lacrecia,5
Lacretia,15
Lacy,19
Ladana,5
Ladawn,20
Ladean,7
Ladeana,8
Ladell,7
Ladena,17
Ladene,8
Ladenna,5
Ladon,7
Ladona,11
Ladonna,529
Ladora,14
Ladoris,13
Lady,12
Lael,15
Lafay,5
Lafonda,9
Lafrances,5
Lafreda,6
Lagena,8
Lagina,12
Lagreta,6
Lahoma,6
Lahonda,5
Laila,18
Laina,15
Laine,18
Lajean,14
Lajeanna,5
Lajeune,17
Lajoyce,11
Lajuan,16
Lajuana,55
Lajune,10
Laketa,5
Lala,8
Lalani,6
Lalita,7
Lamar,12
Lamona,16
Lamonda,5
Lamont,7
Lana,775
Lanae,17
Lanai,5
Lance,8
Landa,9
Landra,12
Lane,26
Lanee,6
Lanell,37
Lanelle,9
Lanet,5
Laneta,6
Lanett,5
Lanetta,19
Lanette,151
Laneva,5
Laney,6
Lani,105
Lanie,14
Lanita,86
Lanna,21
Lannette,18
Lannie,7
Lanora,27
Lanore,6
Laquetta,11
Laquita,59
Laquitta,5
Lara,49
Larae,56
Laraine,41
Laray,6
Larayne,7
Laree,30
Larena,17
Larenda,11
Larene,10
Laresa,5
Laretta,11
Larhonda,36
Lari,39
Larie,11
Larinda,9
Larisa,20
Larissa,39
Larita,38
Lark,24
Laronda,30
Larose,6
Larraine,18
Larri,9
Larrie,7
Larry,87
Larue,19
Laruth,5
Lasandra,17
Lashawn,10
Lashell,14
Lashelle,8
Lashon,6
Lasonya,9
Latanga,6
Latania,5
Latanja,5
Latanya,126
Latasha,7
Laticia,12
Latina,11
Latisha,14
Latitia,5
Latona,11
Latonia,43
Latonya,85
Latoya,6
Latrell,5
Latresa,8
Latressa,5
Latrice,10
Latricia,60
Latrina,5
Launa,37
Launda,5
Laura,17063
Lauraann,7
Lauraine,21
Laurajean,5
Laural,31
Lauralee,48
Lauralyn,14
Lauran,19
Laurann,10
Laure,98
Lauree,26
Laureen,349
Laurel,789
Laurelle,8
Lauren,1335
Laurena,6
Laurene,123
Lauretha,6
Lauretta,95
Laurette,79
Laurey,9
Lauri,705
Lauria,13
Laurian,5
Lauriann,9
Laurianne,9
Laurice,28
Laurie,10142
Laurieann,21
Laurieanne,6
Lauriel,6
Laurin,16
Laurinda,37
Laurine,44
Lauris,5
Laurita,10
Laurna,8
Laurrie,13
Laury,80
Lauryl,8
Lauryn,5
Lavada,38
Lavanda,10
Lavania,6
Lavaughn,5
Laveda,14
Lavelda,7
Lavell,5
Lavelle,13
Lavena,12
Lavenda,6
Lavenia,21
Lavera,26
Lavern,142
Laverna,32
Laverne,497
Laveta,20
Lavetta,19
Lavette,23
Lavida,5
Lavina,29
Lavinia,35
Lavita,17
Lavon,80
Lavona,13
Lavonda,82
Lavone,14
Lavonia,20
Lavonna,45
Lavonne,192
Lavonya,5
Lavren,5
Lawana,77
Lawanda,203
Lawanna,64
Lawrence,27
Lawrene,5
Lawrie,8
Layne,25
Le,23
Lea,373
Leaann,13
Leah,772
Lean,8
Leana,23
Leanda,5
Leandra,26
Leane,15
Leanette,6
Leann,580
Leanna,143
Leanne,601
Leanor,7
Leanora,17
Lear,7
Leasa,43
Leasha,14
Leatha,73
Leatrice,29
Leca,6
Lechia,13
Lecia,92
Leda,40
Ledonna,6
Ledora,8
Lee,1532
Leean,7
Leeann,295
Leeanna,25
Leeanne,50
Leesa,197
Leesha,14
Leetta,12
Lehua,5
Lei,25
Leia,5
Leiann,11
Leicia,5
Leida,6
Leigh,770
Leighann,15
Leighanne,9
Leila,172
Leilani,91
Leisa,298
Leisha,142
Leissa,6
Leita,18
Leith,6
Leitha,12
Lela,169
Lelah,7
Leland,5
Lelia,104
Lella,5
Lena,520
Lenae,13
Lenay,6
Lenda,25
Lender,5
Lendia,6
Lendy,6
Lene,7
Lenee,11
Lenell,7
Lenetta,6
Lenette,37
Leni,7
Lenice,6
Lenise,17
Lenita,38
Lenna,21
Lennette,11
Lennie,28
Lennis,6
Lennora,6
Lenny,12
Lenora,473
Lenore,255
Leo,9
Leoda,6
Leola,120
Leon,19
Leona,461
Leonard,19
Leonarda,8
Leone,11
Leonette,6
Leonia,8
Leonice,5
Leonie,8
Leonila,6
Leonita,5
Leonna,6
Leonor,59
Leonora,60
Leonore,11
Leontine,8
Leontyne,7
Leora,62
Leota,27
Lequita,7
Lera,15
Leresa,5
Leroy,18
Lesa,685
Lesha,89
Leshia,76
Lesi,8
Lesia,203
Lesle,10
Leslea,9
Leslee,94
Lesley,244
Lesli,79
Leslie,5240
Lesly,30
Leslye,25
Leslyn,6
Lessa,5
Lessia,8
Lessie,49
Lesta,7
Lester,12
Lestine,8
Leta,136
Letecia,13
Letetia,6
Letha,180
Lethia,9
Leti,6
Leticia,772
Letisia,10
Letitia,201
Letizia,6
Letricia,13
Letta,8
Letti,5
Letticia,8
Lettie,43
Letty,48
Leva,5
Levera,5
Levern,9
Leverne,8
Levetta,5
Levette,5
Levita,7
Levon,10
Levonne,7
Levora,9
Lewis,10
Lexie,26
Leyla,5
Leza,13
Lezlee,21
Lezli,12
Lezlie,60
Lia,44
Lian,6
Liana,36
Liane,97
Liann,5
Lianne,70
Libbi,8
Libbie,10
Libby,264
Librada,9
Lica,5
Licia,53
Lida,22
Liddie,7
Liddy,5
Lidia,86
Liesa,24
Liese,14
Liesha,5
Ligia,7
Liisa,13
Lil,9
Lila,291
Lili,50
Lilia,87
Lilian,42
Liliana,19
Lilie,6
Lill,5
Lilla,8
Lilli,27
Lillia,10
Lilliam,16
Lillian,1433
Lilliana,6
Lillianne,7
Lillie,604
Lillis,5
Lilly,137
Lily,127
Lin,35
Lina,77
Lind,10
Linda,37317
Lindalee,15
Linde,13
Lindell,6
Linden,6
Linder,11
Lindi,15
Lindia,9
Lindie,12
Lindley,6
Lindsay,54
Lindsey,41
Lindy,126
Linetta,7
Linette,68
Linita,5
Linn,32
Linna,8
Linnae,10
Linnda,5
Linne,5
Linnea,75
Linnette,20
Linnie,36
Lisa,33703
Lisaann,13
Lisaanne,6
Lisabeth,32
Lisamarie,9
Lisandra,6
Lisanne,15
Lisbeth,57
Lise,112
Lisette,41
Lisha,275
Lishia,7
Lisia,5
Lissa,117
Lissette,20
Lita,135
Little,8
Livia,30
Liz,638
Liza,135
Lizabeth,137
Lizann,6
Lizanne,32
Lizbeth,52
Lizette,48
Lizzette,7
Lizzie,115
Lizzy,6
Lloyd,5
Loa,9
Loann,8
Loanne,6
Loetta,5
Loida,15
Lois,2268
Loise,5
Loistine,6
Lola,412
Loleta,16
Loletha,15
Loletta,6
Lolita,98
Lollie,6
Lolly,11
Loma,13
Lon,5
Lona,96
Londa,77
Lonetta,9
Lonette,9
Loni,47
Lonie,11
Lonita,10
Lonna,76
Lonnette,9
Lonni,11
Lonnie,94
Lonny,6
Lonzetta,10
Lora,1203
Lorain,12
Loraine,220
Lorainne,7
Loralee,25
Loralei,5
Loralie,8
Loralyn,13
Loran,14
Lorann,9
Loray,8
Lorayne,15
Lore,53
Lorean,7
Loree,82
Loreen,125
Lorel,6
Lorelee,6
Lorelei,115
Loreli,16
Lorelie,11
Lorell,12
Lorella,9
Lorelle,16
Loren,95
Lorena,278
Lorenda,22
Lorene,303
Lorenza,30
Lorenzo,8
Lorese,7
Loreta,13
Loretha,32
Loretta,3192
Lorette,12
Loretto,8
Lorey,15
Lori,18687
Loria,79
Loriann,130
Lorianne,35
Lorie,1015
Lorieann,7
Lorii,6
Lorijean,7
Lorilee,44
Lorilei,5
Lorilie,5
Lorilyn,10
Lorilynn,5
Lorin,32
Lorina,23
Lorinda,116
Lorine,58
Loris,14
Lorita,40
Loritta,6
Lorna,678
Lorra,20
Lorrae,5
Lorrain,16
Lorraine,3337
Lorrane,7
Lorrayne,6
Lorre,27
Lorren,5
Lorrene,13
Lorretta,54
Lorri,528
Lorriane,19
Lorriann,6
Lorrie,1053
Lorrine,19
Lorry,70
Lory,90
Loryn,8
Lottie,114
Lotus,7
Lou,592
Louann,211
Louanna,15
Louanne,65
Loucinda,7
Louella,57
Louetta,12
Louie,16
Louis,25
Louisa,151
Louise,1785
Loura,19
Lourdes,290
Lourdez,8
Lourene,5
Louri,7
Louria,6
Lourie,27
Louvenia,32
Lovann,8
Lovella,9
Lovely,8
Lovetta,20
Lovette,6
Lovie,21
Lovina,12
Lowana,5
Lowanda,11
Loy,9
Loyce,32
Loyda,7
Ltanya,26
Lu,170
Luan,24
Luana,96
Luane,13
Luann,730
Luanna,58
Luanne,396
Luba,10
Luberta,8
Lubertha,9
Lucette,6
Luci,13
Lucia,260
Luciana,13
Lucie,48
Lucila,23
Lucile,37
Lucilla,6
Lucille,677
Lucina,13
Lucinda,808
Lucindy,10
Lucine,5
Lucita,7
Lucrecia,12
Lucretia,179
Lucy,1130
Ludivina,7
Lue,47
Lueann,6
Luella,79
Luellen,21
Luetta,15
Lugene,24
Lugenia,8
Luis,12
Luisa,87
Lujean,9
Lula,241
Lulu,17
Luna,6
Lupe,264
Lupita,35
Lura,55
Lurdes,7
Lurene,7
Luretha,9
Lurline,5
Lus,8
Luticia,8
Lutricia,22
Luvenia,30
Luwana,17
Luwanda,5
Luwanna,22
Luz,286
Lycia,7
Lyda,25
Lydia,1670
Lyla,29
Lyle,7
Lyn,216
Lyna,8
Lynae,13
Lynann,16
Lynanne,5
Lynda,2124
Lyndal,6
Lyndall,8
Lynde,6
Lyndell,11
Lyndi,10
Lyndia,23
Lyndie,6
Lyndora,9
Lyndy,7
Lyne,10
Lynea,5
Lynee,5
Lynell,48
Lynelle,44
Lynet,6
Lynett,6
Lynetta,43
Lynette,1213
Lynise,5
Lynita,21
Lynn,6851
Lynna,22
Lynnae,20
Lynnda,22
Lynne,2458
Lynnea,17
Lynnel,7
Lynnell,19
Lynnelle,5
Lynnet,6
Lynnett,9
Lynnetta,15
Lynnette,480
Lynnie,14
Lynnmarie,8
Lynora,5
Lynore,6
Lynthia,7
Lyra,8
Lysa,24
Lyssa,12
Mabel,134
Mabelle,5
Mable,162
Machel,7
Machele,12
Machell,20
Machelle,113
Macie,7
Mackie,6
Macy,10
Mada,10
Madalene,6
Madaline,27
Madalyn,28
Maddalena,9
Maddie,6
Madelaine,7
Madeleine,100
Madelene,18
Madelin,10
Madeline,573
Madelon,5
Madelyn,142
Madelyne,8
Madelynn,5
Madge,37
Madie,13
Madlyn,21
Madolyn,7
Madonna,193
Mae,346
Maebelle,5
Maeve,15
Magalene,5
Magali,19
Magalie,8
Magaly,13
Magaret,8
Magarita,5
Magda,45
Magdalen,5
Magdalena,165
Magdalene,29
Magdaline,13
Magdeline,5
Maggie,325
Magnolia,12
Mahalia,19
Mai,6
Maia,12
Maida,23
Maija,5
Maile,14
Maira,11
Maire,7
Mairi,6
Majel,5
Majorie,7
Mala,16
Malaine,5
Malana,8
Malea,9
Malena,6
Malia,32
Malicia,5
Malina,9
Malinda,316
Malisa,11
Malissa,51
Malissia,8
Malka,26
Mallie,7
Mallory,14
Malvina,8
Malynda,10
Mamie,249
Mammie,10
Manda,10
Mandi,7
Mandie,8
Mandy,147
Manetta,6
Manette,12
Manon,9
Manuel,13
Manuela,71
Manuelita,13
Manya,10
Maple,11
Mar,5
Mara,152
Marabeth,5
Maragret,5
Maralee,15
Maralyn,7
Maranda,5
Marc,9
Marca,11
Marcea,6
Marcee,13
Marcel,28
Marcela,34
Marcelene,7
Marcelia,5
Marcelina,23
Marceline,17
Marcell,26
Marcella,627
Marcelle,61
Marcelline,8
Marcelyn,13
Marcene,26
Marcenia,5
Marcey,23
Marche,6
Marchel,5
Marchell,43
Marchella,9
Marchelle,51
Marcheta,6
Marci,250
Marcia,2691
Marcie,271
Marcina,8
Marcine,15
Marcita,7
Marcus,6
Marcy,527
Marda,6
Mardee,6
Mardell,21
Mardelle,6
Mardi,26
Marea,8
Maree,8
Mareen,6
Marella,7
Maren,36
Marena,10
Maretta,11
Marga,15
Margaret,11363
Margareta,7
Margaretann,6
Margarete,18
Margaretha,6
Margaretmary,9
Margarett,46
Margaretta,17
Margarette,36
Margarita,498
Margarite,23
Margart,12
Marge,59
Margee,5
Margene,18
Margeret,10
Margert,9
Margery,82
Marget,6
Margherita,17
Margi,15
Margie,1174
Margit,12
Margo,422
Margorie,12
Margot,140
Margret,83
Margrett,12
Margretta,17
Margrette,5
Margrit,7
Marguerita,22
Marguerite,518
Margurite,10
Margy,13
Mari,341
Maria,7535
Mariaelena,11
Mariah,11
Marialice,5
Mariam,23
Marian,1022
Mariana,38
Mariane,24
Marianela,8
Mariangela,6
Mariann,196
Marianna,86
Marianne,1780
Maribel,90
Maribeth,190
Marica,17
Marice,6
Maricela,90
Maricella,12
Maricia,9
Mariclare,5
Maridee,5
Marie,4722
Mariea,12
Marieanne,5
Mariel,7
Mariela,6
Mariella,10
Mariellen,28
Marieta,5
Marietta,207
Mariette,18
Marigrace,5
Marijane,19
Marijean,10
Marijo,39
Marika,15
Marikay,10
Mariko,7
Marilea,10
Marilee,165
Marilinda,5
Marilou,58
Marilu,22
Marily,5
Marilyn,4073
Marilynn,109
Marilynne,12
Marina,340
Marinda,20
Mario,10
Marion,811
Marionette,5
Maripat,10
Marirose,5
Maris,19
Marisa,338
Marise,5
Marisel,5
Marisela,35
Marisella,7
Marisol,17
Marissa,92
Marisue,8
Marit,11
Marita,109
Maritsa,5
Maritta,8
Maritza,216
Marivel,17
Marja,9
Marjean,18
Marji,11
Marjie,10
Marjorie,1345
Marjory,33
Mark,133
Marka,12
Marketa,6
Marketta,12
Markita,15
Marla,1086
Marlaine,7
Marlana,13
Marlane,10
Marlea,10
Marlee,15
Marleen,54
Marlen,7
Marlena,71
Marlene,1645
Marleta,6
Marletta,9
Marlette,7
Marlies,9
Marlin,14
Marlina,6
Marlinda,17
Marline,21
Marlis,6
Marlisa,14
Marlita,5
Marlo,8
Marlon,5
Marlou,5
Marly,5
Marlyce,5
Marlyn,37
Marlynn,16
Marlys,79
Marna,45
Marne,7
Marnette,5
Marney,5
Marni,8
Marnie,16
Marolyn,17
Marpessa,8
Marquerite,14
Marquetta,27
Marquette,7
Marquita,63
Marquitta,6
Marri,6
Marrian,5
Marrianne,7
Marrion,7
Marry,15
Marsha,2240
Marshall,14
Marsheila,22
Marshelia,6
Marshell,19
Marshelle,14
Marshia,6
Marsi,7
Marsia,6
Marta,346
Martha,5833
Marthe,5
Marti,115
Martie,26
Martin,15
Martina,144
Martine,54
Marty,119
Marva,172
Marvel,12
Marvell,7
Marvella,17
Marvelle,6
Marvena,5
Marvene,5
Marvetta,10
Marvette,7
Marvin,17
Marvina,12
Marvine,5
Marvis,24
Marvita,5
Mary,51481
Marya,18
Maryalice,42
Maryalyce,8
Maryam,7
Maryan,13
Maryann,1332
Maryanna,18
Maryanne,379
Marybel,7
Marybelle,5
Marybeth,427
Marycatherine,6
Maryclaire,5
Maryclare,5
Marye,9
Maryeileen,5
Maryelizabeth,13
Maryellen,470
Maryetta,9
Maryfrances,16
Marygrace,17
Maryhelen,27
Maryjane,139
Maryjean,34
Maryjeanne,5
Maryjo,293
Marykate,13
Marykay,44
Marykaye,5
Maryke,5
Maryl,10
Maryland,7
Marylea,8
Marylee,56
Marylin,40
Marylisa,7
Marylon,6
Marylou,227
Marylouise,20
Marylu,15
Marylyn,24
Marylynn,65
Marylynne,10
Marymargaret,6
Marynell,6
Marypat,15
Maryrita,5
Maryrose,40
Marysue,23
Marysusan,5
Maryterese,5
Marytheresa,7
Marzella,7
Marzetta,12
Mashell,12
Mashelle,8
Mata,5
Mathilda,10
Matilda,119
Matilde,15
Matthew,12
Mattie,421
Maud,11
Maude,49
Maudie,24
Maudine,9
Maura,332
Maureen,4523
Maureena,5
Maurene,12
Mauri,12
Maurica,14
Maurice,24
Maurie,10
Maurina,6
Maurine,41
Maurita,10
Maury,9
Mavis,134
Maxcine,15
Maxie,13
Maxine,594
May,139
Maya,28
Maybell,7
Maybelle,10
Mayda,8
Maye,5
Mayetta,8
Maylene,6
Mayme,10
Mayola,5
Mayra,50
Mazie,11
Meagan,9
Meaghan,5
Mecca,6
Mechel,5
Mechele,14
Mechell,14
Mechelle,53
Meda,10
Medina,13
Meegan,12
Meg,179
Megan,364
Megen,6
Meghan,33
Mei,7
Meiling,6
Mel,17
Meladie,5
Melaine,25
Melana,6
Melanee,22
Melaney,11
Melani,28
Melania,6
Melanie,3663
Melany,61
Melanye,8
Melba,255
Melda,15
Melenda,5
Melenie,6
Melessa,12
Melessia,6
Melia,17
Melida,10
Melina,20
Melinda,3045
Melisa,140
Melisande,5
Melisha,7
Melissa,4414
Melisse,7
Melissia,17
Melita,21
Melitta,6
Mellanie,18
Mellany,6
Mellie,5
Mellisa,23
Mellissa,28
Mellody,16
Mellonie,8
Melodee,72
Melodi,34
Melodie,311
Melody,2757
Melodye,22
Melonee,14
Meloney,26
Meloni,8
Melonia,6
Melonie,113
Melony,83
Melora,12
Melva,149
Melvena,5
Melvenia,5
Melvia,15
Melvin,29
Melvina,60
Melvinia,5
Melynda,32
Melynn,7
Memory,13
Mena,6
Mendy,13
Mercedes,167
Mercy,52
Meredith,247
Meri,78
Meria,5
Meriam,5
Meribeth,15
Merida,9
Meridee,5
Meridith,9
Merilee,26
Merilyn,16
Merinda,10
Merita,17
Merla,6
Merle,62
Merlene,30
Merlinda,11
Merline,11
Merlyn,11
Merna,21
Merri,150
Merribeth,5
Merrie,78
Merril,5
Merrilee,41
Merrill,32
Merrily,11
Merrilyn,10
Merry,274
Mery,6
Meryl,100
Meryle,5
Meshell,9
Meshelle,6
Meta,41
Metta,6
Mi,12
Mia,52
Mica,11
Micaela,20
Micah,7
Michael,316
Michaela,53
Michaelann,6
Michaele,26
Michaeleen,7
Michaelene,29
Michaeline,13
Michaella,5
Michaelle,33
Michaelyn,6
Michal,24
Michale,5
Michalene,13
Michalle,5
Micheal,32
Michel,56
Michela,8
Michele,5610
Michelene,15
Michelina,6
Micheline,19
Michell,89
Michella,12
Michelle,9891
Michiko,6
Michon,7
Mickey,124
Micki,86
Mickie,70
Micky,20
Midge,22
Midori,8
Migdalia,213
Mignon,29
Mignonne,5
Miguel,10
Mika,7
Mike,24
Mikel,6
Mikelyn,6
Miki,20
Mikki,15
Mila,22
Milagro,17
Milagros,162
Milana,6
Milda,6
Mildred,1082
Milena,9
Milinda,10
Milissa,44
Milka,5
Millicent,119
Millie,156
Milly,20
Milta,9
Milton,10
Mima,5
Mimi,150
Mina,49
Minda,26
Mindee,12
Mindel,5
Mindi,29
Mindy,588
Minerva,207
Minette,13
Minna,9
Minnette,8
Minnie,350
Minta,9
Mira,38
Miracle,5
Miranda,107
Mirella,7
Mirenda,8
Mireya,11
Miriam,1051
Mirian,27
Mirinda,7
Mirna,39
Miroslava,13
Mirta,14
Mirtha,5
Mirza,5
Mischele,11
Mischell,9
Mischelle,44
Misha,10
Mishell,5
Mishelle,18
Missi,13
Missie,13
Missy,186
Misti,36
Mistie,10
Misty,212
Mitchell,17
Mitchelle,5
Mittie,18
Mitze,6
Mitzi,448
Mitzie,54
Mitzy,12
Mliss,11
Mlissa,6
Moana,8
Modesta,22
Modestine,5
Modesty,5
Moira,124
Molli,5
Mollie,171
Molly,728
Mona,1080
Monalee,5
Monalisa,19
Monda,10
Monet,13
Monette,37
Moni,5
Monia,5
Monica,3088
Monice,7
Monie,8
Monigue,8
Monika,101
Monique,627
Monita,11
Monna,24
Monnie,15
Monserrate,6
Monta,15
Monte,7
Montez,8
Monti,7
Montie,9
Monty,6
Monya,8
Mora,7
Moreen,9
Morgan,26
Morgen,6
Mori,6
Moria,7
Morine,6
Morna,6
Morris,13
Morrisa,5
Moya,6
Mozell,11
Mozella,13
Mozelle,11
Mry,6
Muriel,168
Murlene,10
Murray,7
Murrie,5
Mya,7
Mychelle,6
Myla,22
Mylene,29
Mylinda,18
Myna,7
Myra,1174
Myran,5
Myria,8
Myriam,33
Myrla,6
Myrna,373
Myron,11
Myrta,9
Myrtha,8
Myrtice,16
Myrtis,29
Myrtle,175
Nada,47
Nadean,10
Nadeen,10
Nadene,28
Nadia,52
Nadina,8
Nadine,968
Nadja,9
Nadyne,7
Naida,19
Nakita,7
Nalene,5
Nan,166
Nana,13
Nance,19
Nancee,33
Nancey,8
Nanci,153
Nancie,69
Nancy,21897
Nancyann,11
Nancye,14
Nanett,5
Nanetta,8
Nanette,696
Nanita,7
Nannette,186
Nannie,37
Naoma,11
Naomi,776
Naomia,11
Narda,27
Natali,6
Natalia,51
Natalie,1550
Natalyn,5
Natasha,91
Nathalie,26
Nathan,7
Nathaniel,8
Natividad,18
Nechama,9
Necia,8
Neda,17
Nedda,5
Nedenia,9
Nedra,110
Neena,17
Neida,17
Neila,8
Neisha,5
Neita,9
Nelda,235
Nelia,5
Nelida,34
Nell,85
Nella,26
Nelle,7
Nellie,363
Nelly,62
Nelma,7
Nelson,5
Nelva,7
Nelwyn,6
Nena,85
Neoma,7
Neomi,18
Neomia,8
Nereida,51
Nerida,5
Nerissa,11
Neta,21
Netha,7
Netta,15
Nettie,141
Neva,131
Nevada,12
Neysa,13
Nicci,7
Nichole,15
Nicholette,7
Nicie,5
Nicki,95
Nickie,45
Nicky,22
Nicola,30
Nicolasa,7
Nicole,243
Nicoletta,10
Nicolette,71
Nicolina,7
Nida,7
Nidia,29
Nieves,9
Niki,50
Nikita,56
Nikki,195
Nila,66
Nilda,102
Nilsa,76
Nilza,6
Nina,1237
Ninette,15
Ninfa,32
Nisa,6
Nita,310
Nitza,7
Nivia,8
Noami,7
Noel,77
Noelia,31
Noell,5
Noella,9
Noelle,36
Noemi,140
Nohemi,7
Nola,168
Noma,8
Nona,168
Noni,10
Nonie,10
Nora,1347
Norah,25
Noralyn,5
Norberta,6
Norean,5
Noreen,493
Norene,52
Noretta,8
Nori,13
Norina,7
Norine,51
Norita,14
Norleen,7
Norma,2562
Normajean,9
Norman,24
Norrie,5
Norris,7
Nova,34
Novella,41
Nuria,5
Nydia,56
Nyla,43
Nylene,5
Nyoka,8
Ocie,12
Octavia,61
Odalys,8
Odean,5
Odelia,12
Odell,8
Odella,7
Odessa,95
Odessia,8
Odester,6
Odetta,16
Odette,36
Odie,7
Odile,6
Odilia,16
Ofelia,90
Ofilia,5
Oksana,12
Ola,75
Olene,5
Oleta,23
Oletha,6
Olevia,9
Olga,606
Olinda,9
Oliva,5
Olive,48
Olivette,5
Olivia,483
Ollie,144
Olympia,18
Oma,25
Omega,20
Omie,7
Ona,38
Onda,6
Oneda,7
Oneida,32
Oneita,6
Oneta,8
Onita,15
Onna,6
Onnie,6
Opal,134
Ophelia,103
Ora,125
Oralia,95
Orelia,12
Oretha,12
Oretta,6
Orlanda,6
Orlando,6
Orlena,7
Orlene,8
Orpha,10
Ortencia,11
Orvetta,5
Osie,6
Ossie,5
Otelia,8
Otha,10
Othella,6
Otila,7
Otilia,13
Otis,10
Ouida,24
Ova,5
Ozella,8
Ozie,9
Ozzie,5
Page,46
Paige,188
Pala,5
Palma,25
Palmer,6
Palmira,18
Pam,3407
Pama,9
Pamala,281
Pamalee,5
Pamel,7
Pamela,22092
Pamelia,78
Pamella,107
Pami,7
Pamie,7
Pamila,33
Pamla,30
Pamlea,7
Pamler,5
Pammie,6
Pammy,15
Pamula,29
Panda,6
Pandi,5
Pandora,92
Pandra,5
Pandy,6
Pansy,60
Panthea,5
Paola,12
Paquita,6
Pari,8
Paris,56
Parris,11
Parthenia,13
Pascale,5
Pasty,6
Pat,755
Patericia,6
Pati,22
Patia,5
Paticia,8
Patience,39
Patina,6
Patra,7
Patrcia,5
Patrece,6
Patrecia,5
Patresa,5
Patria,8
Patric,6
Patrica,270
Patrice,1034
Patricha,7
Patrici,11
Patricia,32105
Patriciann,5
Patrick,44
Patrina,18
Patrisha,6
Patsey,9
Patsi,5
Patsie,8
Patsy,1107
Patt,6
Patte,6
Patti,2458
Pattiann,13
Pattianne,6
Pattie,257
Pattijo,6
Pattricia,8
Patty,2936
Pattye,5
Paul,81
Paula,8067
Paulene,27
Paulett,14
Pauletta,56
Paulette,854
Paulina,25
Pauline,1113
Paulita,16
Peaches,5
Pearl,372
Pearlean,8
Pearlene,16
Pearlie,118
Pearline,46
Pearly,12
Peg,30
Pegeen,14
Pegge,6
Peggi,42
Peggie,102
Peggy,6430
Peggyann,5
Peggyanne,6
Pegi,8
Penelope,316
Peni,12
Penne,30
Penney,91
Penni,122
Pennie,191
Penny,4304
Pennye,11
Pepper,8
Percilla,5
Percy,9
Peri,92
Perian,53
Periann,21
Perianne,5
Perla,20
Perlie,8
Perri,90
Perriann,12
Perrie,15
Perry,43
Persis,6
Peter,31
Petite,5
Petra,136
Petrina,27
Phala,6
Phebe,13
Phil,5
Philena,5
Philicia,5
Philip,10
Philippa,13
Philis,5
Phillip,29
Phillipa,5
Phillippa,12
Phillis,95
Philomena,43
Philomene,5
Phoebe,117
Phylis,58
Phyliss,36
Phyllis,4434
Phylliss,15
Pia,26
Pier,29
Piera,5
Pierrette,5
Pilar,49
Pina,9
Pinkie,24
Pinky,13
Piper,25
Pixie,21
Pola,5
Pollie,5
Polly,610
Pollyann,6
Pollyanna,21
Portia,144
Precilla,8
Precious,21
Prescilla,10
Pricilla,34
Primrose,5
Prince,10
Princella,15
Princess,82
Priscella,6
Priscilla,1215
Priscillia,8
Providence,5
Prudence,38
Quanda,6
Quanita,5
Queen,107
Queenie,39
Quenna,6
Quentina,5
Quincy,12
Quinette,5
Quinn,7
Quintella,7
Rachael,150
Racheal,31
Rachel,1792
Rachele,13
Rachell,26
Rachelle,298
Racine,9
Rada,6
Radonna,12
Rae,247
Raeann,37
Raeanne,10
Raedean,8
Raejean,7
Raeleen,10
Raelene,51
Raelyn,12
Raelynn,21
Raenell,6
Raetta,7
Rafaela,21
Raina,16
Rainey,5
Raizy,7
Ralene,7
Ralinda,5
Ralph,17
Rama,7
Ramon,10
Ramona,1554
Ramonda,7
Ramonia,11
Ramonita,14
Rana,21
Ranae,61
Randa,50
Randall,27
Rande,7
Randee,44
Randi,411
Randie,25
Randolph,6
Randy,153
Ranee,26
Ranell,10
Ranelle,10
Ranetta,6
Ranette,12
Rani,5
Ranita,10
Raquel,195
Rasa,7
Rashell,6
Rashelle,5
Raul,5
Raven,11
Ray,32
Rayann,9
Rayanne,5
Raydene,5
Raye,37
Rayetta,22
Rayette,6
Raylean,5
Rayleen,9
Raylene,62
Rayma,22
Raymona,11
Raymond,46
Raymonde,5
Rayna,23
Rayne,8
Raynell,17
Raynette,23
Rea,11
Reana,6
Reanna,5
Reatha,35
Reba,382
Rebbeca,21
Rebbecca,39
Rebeca,71
Rebecca,9972
Rebeccah,12
Rebecka,17
Rebeka,8
Rebekah,194
Rechelle,10
Reda,40
Redina,8
Redonna,10
Ree,7
Reeda,7
Reena,16
Reene,8
Reenie,6
Reesa,20
Reeta,7
Refugia,5
Regan,13
Regana,11
Regena,66
Regenia,75
Regenna,5
Reggie,8
Regina,4586
Reginald,19
Regine,6
Reginia,30
Regis,6
Reida,11
Reiko,7
Reina,34
Reinette,6
Reita,18
Rejeana,8
Relda,5
Rella,13
Rema,9
Remona,35
Remonia,20
Rena,518
Renada,9
Renae,302
Renalda,5
Renata,70
Renate,46
Renay,76
Renaye,7
Renda,49
Rendy,6
Rene,909
Renea,112
Renee,5208
Renel,5
Renelda,12
Renell,24
Renella,6
Renelle,8
Reneta,7
Renetta,44
Renette,33
Reni,6
Renia,17
Renice,6
Renie,22
Renita,313
Renitta,6
Renna,25
Renne,16
Rennee,8
Rennie,16
Resa,48
Ressie,8
Reta,80
Retha,132
Retia,5
Retta,39
Reva,140
Revonda,29
Rex,6
Rexann,6
Rexanna,8
Rexanne,7
Reyes,6
Reyna,20
Reyne,12
Rhanda,5
Rhea,113
Rheba,11
Rhena,9
Rhesa,7
Rheta,15
Rhetta,14
Rhoda,227
Rhodora,5
Rhona,30
Rhonda,9257
Rhonna,11
Ria,11
Ricarda,10
Ricardo,9
Ricci,6
Richard,124
Richele,9
Richelle,86
Richetta,9
Richie,8
Rick,6
Rickey,19
Ricki,37
Rickie,18
Ricky,66
Rifka,6
Riki,9
Rikki,13
Rilda,8
Rilla,9
Rima,20
Rina,31
Rinda,27
Rindy,5
Risa,125
Rise,39
Rissa,8
Rita,5029
Riva,11
Rivka,18
Roann,9
Roanna,5
Roanne,7
Robbi,37
Robbie,463
Robbin,443
Robby,7
Robbye,7
Robbyn,24
Roben,15
Robert,270
Roberta,2843
Roberto,11
Robi,13
Robie,16
Robin,13972
Robina,14
Robinette,24
Robinn,7
Roblyn,7
Roby,6
Robyn,1227
Robyne,27
Robynn,29
Robynne,10
Rochel,20
Rochele,8
Rochell,33
Rochella,7
Rochelle,911
Rocio,12
Rockie,10
Rocky,12
Rodney,27
Roena,8
Rogena,31
Rogene,7
Rogenia,6
Roger,35
Rogina,16
Roise,5
Rojean,7
Roland,5
Rolanda,35
Rolene,7
Rolinda,9
Roma,56
Romaine,30
Romana,20
Romayne,8
Romelia,31
Romelle,6
Romona,136
Rona,135
Ronald,83
Ronalda,6
Ronalee,9
Ronda,1362
Rondi,18
Ronell,6
Ronelle,14
Ronetta,17
Ronette,15
Roni,79
Ronica,8
Ronita,17
Ronna,156
Ronnell,6
Ronnette,13
Ronni,33
Ronnie,94
Ronny,9
Roosevelt,6
Rori,13
Rory,11
Rosa,1830
Rosaland,12
Rosalba,25
Rosalee,47
Rosaleen,11
Rosalene,6
Rosalia,53
Rosalie,521
Rosalin,10
Rosalina,34
Rosalind,648
Rosalinda,276
Rosaline,22
Rosalva,32
Rosalyn,320
Rosalynn,18
Rosamaria,17
Rosamary,12
Rosamond,10
Rosana,34
Rosann,63
Rosanna,143
Rosanne,381
Rosaria,24
Rosario,173
Rosary,8
Rosaura,28
Roschell,5
Roschelle,6
Rose,4887
Roseann,423
Roseanna,84
Roseanne,161
Roseellen,5
Roselia,7
Roselie,6
Roselind,11
Roselinda,7
Roseline,9
Rosella,63
Roselle,16
Rosellen,12
Roselyn,76
Roselynn,8
Rosemaria,14
Rosemarie,998
Rosemary,2190
Rosena,10
Rosenda,12
Rosetta,297
Rosette,13
Rosey,10
Rosezella,7
Rosezetta,5
Roshell,10
Roshelle,11
Rosia,16
Rosie,745
Rosiland,23
Rosilyn,16
Rosina,36
Rosine,6
Rosita,118
Rosland,6
Roslin,7
Roslind,5
Roslyn,295
Roslynn,17
Rosmarie,5
Ross,6
Rossana,21
Rossanna,7
Rossie,8
Rosslyn,11
Rosy,18
Rosyln,5
Rovenia,5
Rowena,111
Rox,18
Roxan,13
Roxana,66
Roxane,281
Roxann,333
Roxanna,255
Roxanne,1920
Roxeann,5
Roxey,6
Roxi,6
Roxie,147
Roxy,44
Roy,31
Roya,5
Royann,7
Royanne,5
Royce,34
Roylene,10
Roz,7
Rozalyn,9
Rozanna,7
Rozanne,28
Rozella,13
Rozena,9
Rozetta,9
Rozlyn,8
Rubbie,9
Ruben,11
Rubie,14
Ruby,1387
Rubye,18
Rudell,6
Rudene,6
Rudy,6
Rufina,9
Runda,5
Russell,23
Rusty,7
Ruta,9
Ruth,4945
Rutha,24
Ruthann,127
Ruthanna,5
Ruthanne,41
Ruthe,11
Ruthie,271
Ruthy,20
Ryan,5
Sabena,5
Sabina,47
Sabine,11
Sabra,47
Sabre,5
Sabrena,42
Sabrina,984
Saddie,5
Sadie,153
Sadonna,5
Saida,9
Salena,24
Salina,27
Salinda,5
Salley,10
Salli,9
Sallie,361
Sally,3755
Sallyann,15
Sallye,8
Salome,17
Sam,16
Samantha,82
Samanthia,7
Samara,6
Sami,10
Samina,5
Sammie,62
Sammy,15
Sammye,9
Samone,11
Samuel,27
San,47
Sana,7
Sand,5
Sanda,16
Sandar,6
Sandara,5
Sande,14
Sandee,55
Sandi,353
Sandie,104
Sandra,24574
Sandrea,5
Sandria,12
Sandrina,5
Sandy,3646
Sandye,5
Sanita,7
Sanjuana,24
Sanjuanita,60
Sanora,5
Santa,52
Santina,19
Santos,20
Sanya,8
Sara,2039
Sarabeth,9
Sarah,4206
Sarai,7
Sarajane,6
Saralee,14
Saralyn,13
Sarena,8
Sari,64
Sarina,19
Sarita,73
Sary,6
Sasha,7
Saundra,326
Savannah,21
Scarlet,44
Scarlett,68
Scarlette,8
Scharlene,7
Scherry,19
Scheryl,11
Scott,33
Scotti,7
Scottie,19
Scotty,5
Sean,22
Seana,8
Sebrena,30
Sebrenia,5
Sebrina,35
Seena,11
Selena,198
Selene,16
Selia,8
Selina,167
Selinda,13
Selma,93
Semone,6
Sena,15
Senaida,14
Seneca,16
Senita,5
Senora,11
September,19
Serafina,7
Sereda,6
Serena,115
Serene,9
Seresa,6
Seretha,8
Serina,12
Serita,26
Shaila,6
Shala,5
Shan,16
Shana,76
Shanan,6
Shanda,48
Shandra,27
Shane,16
Shann,9
Shanna,103
Shannan,20
Shannon,1012
Shanon,20
Shanta,13
Shar,13
Shara,30
Sharal,5
Sharalyn,8
Sharan,33
Sharee,54
Shareen,17
Sharel,9
Sharen,67
Sharene,9
Shari,1888
Sharian,5
Sharie,45
Sharil,6
Sharilee,6
Sharilyn,52
Sharilynn,5
Sharin,9
Sharion,29
Sharla,136
Sharlee,8
Sharleen,32
Sharlene,246
Sharlet,11
Sharlett,6
Sharlette,9
Sharline,12
Sharlon,8
Sharlotte,16
Sharlyn,30
Sharma,15
Sharmaine,12
Sharman,12
Sharmayne,6
Sharmon,5
Sharna,9
Sharol,28
Sharolyn,33
Sharon,20419
Sharonda,8
Sharone,12
Sharrel,5
Sharri,52
Sharrie,25
Sharron,307
Sharry,28
Shary,9
Sharyl,105
Sharyle,6
Sharyn,76
Shasta,14
Shaun,51
Shauna,203
Shaunda,6
Shaune,7
Shaunna,18
Shavonne,5
Shawanda,6
Shawn,757
Shawna,209
Shawnda,11
Shawne,23
Shawnee,35
Shawnette,5
Shawnie,7
Shawnna,7
Shay,11
Shaye,6
Shayla,9
Shayne,20
Shea,13
Shearon,5
Sheba,28
Sheela,9
Sheena,120
Sheila,7910
Sheilah,57
Sheilia,13
Sheilla,11
Sheina,6
Shela,29
Shelagh,9
Shelah,12
Shelba,20
Shelbie,5
Shelby,308
Shelda,20
Sheli,20
Shelia,2257
Sheliah,20
Shelie,5
Shelita,9
Shell,12
Shella,38
Shelle,29
Shellee,32
Shellene,7
Shelley,2138
Shelli,191
Shellia,22
Shellie,213
Shelly,2690
Shellye,8
Shelva,11
Shelvia,7
Shelvy,5
Shena,25
Shenetha,6
Shenetta,8
Shenia,11
Shenita,19
Shenna,15
Sher,11
Shera,14
Sheral,22
Sherald,9
Sheralyn,11
Sheran,11
Sherby,9
Shere,7
Sheree,240
Shereen,21
Sherel,6
Sherell,13
Sherelyn,5
Sherene,14
Sherese,8
Sheretta,6
Sheri,2210
Sheria,11
Sherian,9
Sheriann,6
Sherice,7
Sherida,15
Sheridan,20
Sherie,161
Sheril,29
Sherill,36
Sherilyn,100
Sherilynn,9
Sherine,8
Sherise,7
Sherita,21
Sherl,25
Sherle,7
Sherlene,32
Sherley,15
Sherline,8
Sherly,6
Sherlyn,34
Sherma,6
Shermaine,6
Sherman,7
Sherol,5
Sherolyn,12
Sheron,70
Sherra,22
Sherral,9
Sherre,29
Sherree,56
Sherrel,14
Sherrell,34
Sherrey,6
Sherri,3310
Sherria,5
Sherrian,6
Sherrice,6
Sherrie,1331
Sherril,55
Sherrill,168
Sherrilyn,21
Sherrilynn,11
Sherrin,14
Sherrita,5
Sherrl,5
Sherron,45
Sherry,8313
Sherrye,24
Sherryl,133
Sherrylyn,8
Sherrylynn,8
Shery,16
Sherye,5
Sheryl,3057
Sheryle,31
Sheryll,50
Sheryln,6
Sheryn,11
Shevawn,5
Shiela,126
Shifra,5
Shila,6
Shira,25
Shiree,10
Shireen,6
Shirely,9
Shiri,6
Shirl,46
Shirlean,21
Shirlee,52
Shirleen,43
Shirlena,5
Shirlene,123
Shirley,6411
Shirlie,6
Shirline,6
Shirly,18
Shirlyn,15
Shirlynn,12
Shiryl,5
Shivaun,6
Shon,9
Shona,24
Shonda,41
Shonna,34
Shonni,5
Shoran,5
Shoshana,22
Shoshanna,5
Shryl,5
Shyla,5
Shyrell,6
Shyrl,8
Sibyl,22
Sidney,92
Sienna,6
Signe,23
Sigrid,24
Silva,10
Silvana,32
Silver,10
Silvia,229
Sima,10
Simmie,5
Simona,14
Simone,257
Sina,10
Sinda,7
Sindi,14
Sindie,5
Sindy,53
Siobhan,90
Siri,17
Sissy,17
Sita,5
Slyvia,13
Socorro,81
Sofia,69
Soila,11
Sol,8
Solange,5
Soledad,18
Sona,10
Sonda,15
Sondi,10
Sondra,497
Sondria,5
Soni,11
Sonia,951
Sonie,5
Sonja,758
Sonji,8
Sonjia,38
Sonna,5
Sonnie,8
Sonny,5
Sonya,1275
Sonyia,12
Sophia,262
Sophie,94
Sophronia,5
Soraida,7
Soraya,23
Soundra,5
Soyla,11
Spencer,5
Spring,29
Ssirley,5
Stacee,16
Stacey,1228
Staci,110
Stacia,89
Stacie,310
Stacy,1452
Stacye,10
Stana,7
Stanley,20
Star,75
Starla,189
Starlene,35
Starlet,23
Starlett,8
Starletta,5
Starlette,16
Starlin,5
Starlyn,6
Starlynn,6
Starr,106
Stasia,14
Stayce,6
Stefani,22
Stefania,9
Stefanie,100
Steffani,13
Steffanie,15
Steffi,13
Stella,618
Stepanie,7
Steph,11
Stephaine,41
Stephana,5
Stephane,13
Stephanee,6
Stephani,30
Stephania,13
Stephanie,5266
Stephannie,12
Stephany,50
Stephen,51
Stephenia,5
Stephenie,31
Stephine,8
Stephnie,6
Steve,21
Steven,96
Stormie,5
Stormy,22
Stuart,10
Su,11
Suan,5
Suann,19
Suanne,30
Subrena,10
Subrina,14
Sudie,8
Sue,4009
Sueann,46
Sueanne,12
Sueellen,11
Suella,7
Suellen,56
Suellyn,9
Sula,5
Sulema,23
Sumi,5
Summer,27
Sun,15
Sundae,6
Sunday,48
Sundee,6
Sundie,7
Sundra,24
Suni,6
Sunni,12
Sunnie,6
Sunny,31
Susa,11
Susan,39205
Susana,175
Susane,5
Susann,64
Susanna,224
Susannah,33
Susanne,561
Susen,5
Susette,21
Susi,22
Susie,1205
Susy,28
Suzan,289
Suzana,6
Suzann,113
Suzanna,151
Suzannah,5
Suzanne,5965
Suzen,6
Suzetta,14
Suzette,570
Suzi,55
Suzie,132
Suzonne,5
Suzy,146
Suzzanne,17
Suzzette,19
Swanda,5
Sybil,165
Syble,25
Sybrena,5
Sydell,7
Sydnee,5
Sydney,128
Sydnie,7
Syliva,23
Sylva,7
Sylvana,5
Sylvania,5
Sylvester,5
Sylvia,3826
Sylvie,18
Synda,6
Syndi,10
Syndia,5
Synthia,56
Syrena,5
Tabby,7
Tabitha,28
Tacey,6
Tacy,9
Taffy,23
Taina,20
Tajuana,15
Talana,7
Talena,12
Talia,9
Talina,12
Talitha,9
Talma,6
Tam,24
Tama,64
Tamah,5
Tamala,104
Tamalyn,5
Tamar,51
Tamara,3663
Tamarah,27
Tamarra,10
Tamatha,6
Tamberly,11
Tambi,8
Tambra,96
Tambrey,5
Tambria,12
Tamee,13
Tamela,383
Tamelia,5
Tamera,556
Tameria,12
Tamey,22
Tami,2263
Tamia,6
Tamie,247
Tamiko,5
Tamila,15
Tamilyn,8
Tamira,15
Tamla,6
Tamlyn,7
Tamma,15
Tammara,89
Tamme,22
Tammee,7
Tammela,9
Tammera,75
Tammey,54
Tammi,526
Tammie,2070
Tammra,20
Tammy,14319
Tammye,57
Tamora,27
Tamorah,7
Tamra,565
Tamrah,6
Tamre,7
Tamsen,12
Tamula,13
Tamy,58
Tamyra,54
Tana,207
Tanda,10
Tandi,6
Tandra,12
Tandy,21
Tane,8
Tanga,15
Tangee,12
Tangela,44
Tangelia,7
Tanger,5
Tangi,7
Tangie,31
Tangy,10
Tani,30
Tania,130
Tanis,10
Tanja,70
Tanji,5
Tanna,46
Tanni,6
Tanny,6
Tansy,5
Tanya,1540
Tanza,5
Tanzie,5
Tara,685
Taralee,5
Taren,6
Taresa,15
Taressa,6
Tari,95
Taria,6
Tarra,7
Tarri,14
Tarrie,5
Tarry,8
Taryn,83
Tasha,26
Tatiana,16
Tauna,16
Tauni,10
Taunya,24
Tavia,8
Tawana,85
Tawanda,28
Tawanna,42
Tawn,5
Tawna,27
Tawnee,7
Tawney,5
Tawni,26
Tawnia,5
Tawnie,8
Tawny,44
Tawnya,76
Taylor,11
Tayna,11
Teal,28
Teana,7
Teddi,31
Teddie,26
Teddy,14
Tedi,14
Tedra,6
Teela,11
Teena,221
Teia,5
Tekla,9
Tela,9
Telena,6
Telesa,5
Telesia,6
Teletha,6
Telia,8
Telina,6
Telisa,18
Telitha,7
Tempest,8
Tempie,14
Temple,13
Tena,318
Tenia,21
Tenita,6
Tenley,18
Tenna,27
Tennie,17
Tera,39
Terah,5
Terasa,5
Tere,16
Tereasa,50
Tereatha,7
Terena,15
Teres,6
Teresa,18838
Terese,242
Teresea,26
Teresia,32
Teresina,5
Teresita,66
Teressa,266
Teressia,7
Teretha,16
Terez,5
Teri,2330
Teria,8
Teriann,8
Terianne,8
Terie,18
Terilyn,18
Terilynn,15
Terina,15
Terisa,33
Terise,5
Terissa,5
Terra,31
Terrace,5
Terrance,16
Terre,37
Terrea,6
Terree,12
Terrel,5
Terrell,30
Terrence,11
Terresa,72
Terressa,25
Terri,8743
Terria,10
Terriann,19
Terrianne,22
Terrie,1110
Terril,7
Terrilee,12
Terrill,16
Terrilyn,31
Terrilynn,11
Terrina,6
Terris,7
Terrisa,8
Terry,4841
Terryann,10
Terrye,36
Terryl,24
Terrylynn,9
Tersa,7
Tersia,8
Tery,7
Teryl,28
Tesa,7
Tesia,5
Tess,23
Tessa,24
Tessie,61
Tessy,9
Tevis,6
Thais,7
Thalia,91
Thea,106
Thearsa,5
Theda,40
Thelia,11
Thelma,838
Theo,7
Theodora,83
Theodore,11
Theodosia,9
Theola,17
Thera,5
Therasa,8
Thereas,5
Thereasa,15
Theresa,11848
Therese,1197
Theresea,10
Theresia,36
Theressa,38
Therisa,11
Thersa,37
Thersea,9
Thersia,6
Theta,6
Thomas,120
Thomasa,14
Thomasena,14
Thomasene,6
Thomasenia,5
Thomasina,53
Thomasine,38
Thora,7
Threasa,23
Thresa,60
Thresea,9
Thressa,19
Thyra,19
Tia,95
Tiana,11
Tianda,8
Tiara,5
Tiare,5
Tierney,18
Tiffany,24
Tiina,8
Tijuana,29
Tiki,15
Tilda,12
Tillie,25
Tim,13
Tima,11
Timarie,5
Timberly,8
Timmie,9
Timmy,12
Timothy,90
Tina,9131
Tinamarie,35
Tinna,5
Tinnie,5
Tiny,21
Tinya,9
Tira,12
Tisa,32
Tish,32
Tisha,39
Tjuana,5
Toba,5
Tobi,36
Tobie,14
Tobin,6
Toby,82
Todd,15
Toi,27
Toinette,9
Tom,11
Tomasa,22
Tomasina,5
Tomasita,17
Tomi,45
Tommi,17
Tommie,137
Tommy,45
Tommye,17
Tona,38
Tonda,83
Tondra,13
Tonetta,12
Tonette,53
Toney,7
Tonga,7
Toni,2899
Tonia,346
Toniann,19
Tonie,81
Tonita,15
Tonja,142
Tonjia,5
Tonna,20
Tonnette,16
Tonni,13
Tonnia,5
Tonnie,27
Tonoa,5
Tony,59
Tonya,1328
Tonyia,18
Torey,51
Tori,161
Toria,12
Torie,18
Torre,13
Torrey,13
Torri,42
Torrie,26
Torry,9
Tory,43
Tosha,5
Towana,27
Towanda,33
Towanna,17
Toy,15
Toya,59
Toye,13
Toyia,9
Trace,7
Tracee,67
Tracey,1961
Traci,674
Tracia,5
Tracie,548
Tracine,7
Tracy,5766
Tracyann,7
Tracye,40
Travis,8
Trayce,11
Treacy,8
Treasa,59
Treasure,6
Treba,5
Trecia,18
Treena,16
Trela,6
Trella,10
Trellis,10
Trena,124
Trenda,18
Trenia,11
Trenice,7
Trenna,21
Tresa,175
Trese,6
Tresea,14
Tresha,5
Tresia,22
Tressa,72
Tressia,13
Tressie,31
Tretha,5
Treva,164
Trevia,5
Tricia,342
Triena,5
Trilby,10
Trina,660
Trinda,11
Trine,5
Trinette,9
Trini,9
Trinidad,29
Trinita,5
Trinna,8
Tris,5
Trisa,9
Trish,56
Trisha,103
Trista,5
Trixie,7
Troi,8
Troy,77
Troylynn,8
Trude,11
Trudee,7
Trudi,107
Trudie,54
Trudy,718
Trula,11
Tuesday,21
Tujuana,8
Tula,9
Tuwana,7
Twala,5
Twana,67
Twanda,27
Twanna,25
Twila,304
Twilia,5
Twilla,30
Twinkle,6
Twyla,167
Twylla,5
Ty,5
Tyann,8
Tyla,7
Tyler,7
Tyna,19
Tyra,49
Tyree,6
Tyrone,22
Tywana,7
Ula,7
Ulanda,5
Una,41
Undra,5
Unice,5
Unita,5
Unknown,132
Ursula,134
Vada,43
Val,75
Valaree,6
Valari,7
Valaria,14
Valarie,534
Valda,30
Valecia,11
Valeda,8
Valeire,7
Valena,9
Valencia,166
Valene,13
Valentina,66
Valentine,10
Valera,8
Valeri,41
Valeria,178
Valerie,6717
Valery,49
Valerye,8
Valeta,7
Valetta,11
Vali,5
Valia,5
Valina,5
Valinda,42
Valire,6
Valisa,12
Valissa,6
Valita,5
Valjean,16
Valla,5
Vallarie,12
Valle,6
Vallerie,20
Vallery,14
Valli,36
Vallie,14
Valora,9
Valoree,9
Valori,12
Valorie,223
Valree,6
Valri,7
Valrie,21
Van,16
Vana,14
Vanassa,10
Vanda,45
Vandi,5
Vandora,9
Vandy,9
Vanesa,13
Vanessa,2715
Vanesse,7
Vanessia,21
Vanetta,20
Vanette,11
Vangie,17
Vanice,5
Vanilla,6
Vanita,52
Vanna,9
Vannessa,59
Vannie,5
Vanya,5
Vara,8
Varda,5
Vaughn,9
Vaune,5
Veanna,5
Vear,6
Veatrice,5
Veda,128
Veeta,5
Vela,6
Velda,118
Velecia,6
Velena,5
Veleta,9
Velia,27
Velicia,7
Velina,21
Velinda,35
Velisa,6
Velita,11
Vella,15
Velma,558
Velta,8
Velva,32
Velvet,73
Vena,25
Venda,10
Vendetta,5
Venecia,12
Venessa,99
Venessia,5
Veneta,6
Venetia,89
Venetta,24
Venice,32
Veniece,6
Venisa,5
Venise,21
Venita,243
Vennie,6
Venus,180
Veola,6
Vera,901
Verba,5
Verda,32
Verdell,28
Verdie,7
Verdina,5
Vereen,5
Verena,11
Veretta,10
Vergie,16
Verginia,5
Veria,5
Verita,5
Verla,27
Verlean,10
Verlena,6
Verlene,24
Verlie,7
Verlinda,32
Verline,8
Verlyn,6
Verma,9
Vermell,8
Vern,5
Verna,532
Vernadette,5
Vernadine,7
Vernay,5
Verne,6
Verneda,5
Verneice,5
Vernelda,5
Vernell,81
Vernelle,15
Vernessa,68
Vernett,6
Vernetta,52
Vernette,28
Vernia,13
Vernice,70
Vernie,10
Vernita,105
Vernon,19
Verona,21
Veroncia,6
Veronda,9
Veronica,2428
Veronika,7
Veronique,12
Versie,19
Verta,9
Vertie,5
Vertina,6
Vertis,7
Vesta,27
Vester,7
Veta,23
Vetra,5
Vetta,8
Veva,6
Veverly,5
Vi,5
Vianna,8
Vianne,9
Vicci,16
Vicenta,5
Vici,13
Vicke,13
Vickey,267
Vicki,6161
Vickie,4860
Vickii,5
Vickilynn,5
Vickki,6
Vicky,2373
Vickye,8
Victor,27
Victoria,4295
Vida,85
Vienna,14
Viki,59
Vikie,6
Vikki,218
Vikkie,5
Vilma,94
Vina,33
Vincent,15
Vincenza,14
Vinetta,7
Vinita,13
Vinnie,26
Viola,428
Violet,320
Violeta,12
Violetta,12
Vira,8
Virgen,5
Virgene,5
Virgie,86
Virgil,9
Virgina,15
Virginia,4789
Viriginia,5
Vista,5
Vita,47
Viv,5
Viva,19
Viveca,21
Vivi,13
Vivian,2023
Viviana,13
Viviane,13
Viviann,5
Vivianne,7
Vivica,8
Vivien,34
Vivienne,27
Von,8
Vona,8
Vonceil,11
Voncia,6
Voncile,9
Voncille,6
Vonda,188
Vondalee,5
Vondell,5
Vonetta,8
Vonita,12
Vonna,36
Vonnie,86
Vonzella,6
Voula,5
Wade,5
Walter,31
Walterine,6
Wanda,6677
Wandalyn,7
Wander,5
Wandra,11
Wandy,5
Waneta,12
Wanetta,10
Wanette,7
Wanita,31
Wanna,6
Wannetta,6
Wanza,11
Waunita,8
Wava,8
Waverly,7
Wayna,5
Wayne,25
Waynette,11
Wenda,36
Wende,53
Wendee,19
Wendelin,6
Wendell,11
Wendelyn,13
Wendi,243
Wendie,53
Wendlyn,5
Wendolyn,33
Wendy,6870
Wenona,14
Wesley,10
Whitney,29
Wilbert,6
Wilda,62
Wilhelmenia,9
Wilhelmina,58
Wilhemenia,10
Wilhemina,35
Willa,149
Willard,5
Willena,6
Willene,28
Willetta,30
Willette,34
Willia,16
William,164
Willie,589
Williemae,5
Willow,15
Wilma,722
Winda,11
Windy,62
Winfred,7
Winifred,161
Winnie,73
Winnifred,12
Winnona,5
Winona,90
Wonda,60
Wonder,8
Wren,11
Wylene,11
Wyn,5
Wynee,6
Wynell,9
Wynetta,7
Wynette,16
Wynn,16
Wynne,28
Wynona,37
Wyona,5
Wyonia,5
Wyonna,6
Wyvonnia,5
Xavier,5
Xenia,8
Xiomara,14
Yadira,11
Yael,6
Yalonda,9
Yana,5
Yasmin,48
Yasmine,5
Yelonda,5
Yetta,12
Yevette,13
Yevonne,6
Ylonda,11
Yoland,6
Yolanda,2328
Yolande,24
Yolander,6
Yolando,8
Yolinda,7
Yolonda,75
Yona,6
Youlanda,18
Young,7
Ysabel,5
Yuette,11
Yulanda,31
Yulonda,21
Yumi,5
Yuvonne,6
Yvetta,18
Yvette,1425
Yvonda,10
Yvone,9
Yvonna,20
Yvonne,3403
Yvonnia,5
Yvonnie,7
Zachary,5
Zaida,19
Zan,6
Zana,20
Zandra,42
Zanita,5
Zara,7
Zelda,136
Zella,37
Zelma,62
Zelphia,5
Zena,52
Zenaida,23
Zenda,12
Zenia,5
Zenna,6
Zenobia,37
Zenola,6
Zenovia,5
Zerita,5
Zeta,11
Zetta,11
Zettie,11
Zina,60
Zinda,6
Zipporah,7
Zita,26
Ziva,6
Zoanne,5
Zoe,118
Zoeann,5
Zofia,5
Zoie,5
Zoila,13
Zola,22
Zona,31
Zonda,5
Zondra,16
Zonia,11
Zonna,7
Zonya,6
Zora,19
Zoraida,54
Zorina,6
Zorita,5
Zsazsa,8
Zula,7
Zulema,27
Zulma,17
